{
    "time_used_to_train (s)": [
        219.37494802474976,
        219.28590369224548,
        224.52117943763733,
        219.22995901107788,
        220.4204342365265,
        223.68570017814636,
        223.25553917884827,
        222.6060175895691,
        223.89474153518677,
        221.0371811389923
    ],
    "test_accuracy": [
        0.8334335088729858,
        0.8309294581413269,
        0.8326321840286255,
        0.8310296535491943,
        0.8327323794364929,
        0.8309294581413269,
        0.8353365659713745,
        0.8344351053237915,
        0.8276242017745972,
        0.8338341116905212
    ],
    "test_precision": [
        0.9167616963386536,
        0.9136351943016052,
        0.9199327230453491,
        0.9144275784492493,
        0.9176216125488281,
        0.9181922674179077,
        0.9183622002601624,
        0.919447660446167,
        0.9215070605278015,
        0.9170576930046082
    ],
    "test_recall": [
        0.7247596383094788,
        0.7194511294364929,
        0.7123397588729858,
        0.7192507982254028,
        0.7218549847602844,
        0.7183493375778198,
        0.7278645634651184,
        0.7202523946762085,
        0.7055288553237915,
        0.7242588400840759
    ],
    "test_F1": [
        0.8334334492683411,
        0.8309293985366821,
        0.8326321244239807,
        0.8310295939445496,
        0.8327323198318481,
        0.8309293985366821,
        0.8353365063667297,
        0.8344350457191467,
        0.8276241421699524,
        0.8338339924812317
    ],
    "test_crossentropy": [
        0.548832356929779,
        0.5598435401916504,
        0.5657080411911011,
        0.5593748688697815,
        0.5567846298217773,
        0.5557306408882141,
        0.5434971451759338,
        0.5568128824234009,
        0.5762585997581482,
        0.5519617199897766
    ]
}