{
    "time_used_to_train (s)": [
        19.03237795829773,
        17.065581798553467,
        16.291324853897095,
        15.907353401184082,
        16.05863380432129,
        16.193451404571533,
        16.199195384979248,
        16.021626710891724,
        16.94276714324951,
        16.02508044242859
    ],
    "test_accuracy": [
        0.8844150900840759,
        0.8824118375778198,
        0.8887219429016113,
        0.8860176205635071,
        0.8825120329856873,
        0.8850160241127014,
        0.8847155570983887,
        0.8834134340286255,
        0.8855168223381042,
        0.8848156929016113
    ],
    "test_precision": [
        0.9090335965156555,
        0.9087259769439697,
        0.909778356552124,
        0.9081912040710449,
        0.903549075126648,
        0.9062206149101257,
        0.9068009853363037,
        0.907832145690918,
        0.90790855884552,
        0.9069767594337463
    ],
    "test_recall": [
        0.8667868375778198,
        0.8615785241127014,
        0.8675881624221802,
        0.8639823794364929,
        0.8669871687889099,
        0.8681890964508057,
        0.8653846383094788,
        0.860276460647583,
        0.8669871687889099,
        0.86328125
    ],
    "test_F1": [
        0.8844149708747864,
        0.882411777973175,
        0.8887218832969666,
        0.8860175609588623,
        0.8825119733810425,
        0.8850159645080566,
        0.8847154974937439,
        0.8834133744239807,
        0.8855167627334595,
        0.8848155736923218
    ],
    "test_crossentropy": [
        0.33298105001449585,
        0.33572039008140564,
        0.3335920572280884,
        0.33521124720573425,
        0.34161606431007385,
        0.339937686920166,
        0.3371545374393463,
        0.3396430015563965,
        0.33619260787963867,
        0.3346649706363678
    ]
}