{
    "time_used_to_train (s)": [
        2539.951639175415,
        2557.1249215602875,
        2591.4997794628143,
        2697.2370388507843
    ],
    "test_accuracy": [
        0.8769030570983887,
        0.8788061141967773,
        0.8785055875778198,
        0.8785055875778198
    ],
    "test_precision": [
        0.9041081666946411,
        0.9001462459564209,
        0.8969469666481018,
        0.9049229025840759
    ],
    "test_recall": [
        0.8574719429016113,
        0.8631811141967773,
        0.8621794581413269,
        0.8579727411270142
    ],
    "test_F1": [
        0.8769029974937439,
        0.8788060545921326,
        0.878505527973175,
        0.878505527973175
    ],
    "test_crossentropy": [
        0.3512195348739624,
        0.35592228174209595,
        0.3611200153827667,
        0.3511388301849365
    ]
}