{
    "time_used_to_train (s)": [
        194.02323746681213,
        185.00925517082214,
        181.197407245636,
        183.14996933937073,
        183.25370144844055,
        184.19982719421387,
        192.631587266922,
        194.42045259475708,
        194.09852743148804,
        194.4781391620636,
        195.74128699302673,
        194.20802354812622
    ],
    "test_accuracy": [
        0.8578726053237915,
        0.8555688858032227,
        0.8581730723381042,
        0.8599759340286255,
        0.8571714758872986,
        0.8573718070983887,
        0.8575721383094788,
        0.8574719429016113,
        0.8549679517745972,
        0.8565705418586731,
        0.8566706776618958,
        0.8577724099159241
    ],
    "test_top5_accuracy": [
        0.9968950152397156,
        0.9963942170143127,
        0.9965945482254028,
        0.9962940812110901,
        0.9962940812110901,
        0.9959936141967773,
        0.9967948794364929,
        0.9961938858032227,
        0.9963942170143127,
        0.99609375,
        0.9961938858032227,
        0.9966946840286255
    ],
    "test_precision": [
        0.905724287033081,
        0.9062004685401917,
        0.906165599822998,
        0.9061233401298523,
        0.906415581703186,
        0.9076591730117798,
        0.9069951176643372,
        0.9076818823814392,
        0.9046811461448669,
        0.9045952558517456,
        0.908132016658783,
        0.9069977402687073
    ],
    "test_recall": [
        0.8034855723381042,
        0.8021835088729858,
        0.8066906929016113,
        0.8062900900840759,
        0.8051882982254028,
        0.8023838400840759,
        0.8038862347602844,
        0.8035857081413269,
        0.8013821840286255,
        0.8024839758872986,
        0.8019831776618958,
        0.8048878312110901
    ],
    "test_F1": [
        0.8578725457191467,
        0.8555688858032227,
        0.8581730127334595,
        0.8599758148193359,
        0.8571714162826538,
        0.8573717474937439,
        0.8575720191001892,
        0.8574719429016113,
        0.8549678921699524,
        0.8565704822540283,
        0.856670618057251,
        0.8577723503112793
    ],
    "test_crossentropy": [
        0.42873838543891907,
        0.43110954761505127,
        0.4271518588066101,
        0.42739439010620117,
        0.4272744953632355,
        0.43220868706703186,
        0.4327203929424286,
        0.4316761791706085,
        0.43042558431625366,
        0.43020087480545044,
        0.43525445461273193,
        0.4276596009731293
    ]
}