{
    "time_used_to_train (s)": [
        32.088494300842285
    ],
    "test_accuracy": [
        0.8395432829856873
    ],
    "test_top5_accuracy": [
        0.9948918223381042
    ],
    "test_precision": [
        0.8949349522590637
    ],
    "test_recall": [
        0.7857571840286255
    ],
    "test_F1": [
        0.8395432233810425
    ],
    "test_crossentropy": [
        0.4806293547153473
    ]
}