{
    "time_used_to_train (s)": [
        305.5573706626892
    ],
    "test_accuracy": [
        0.8715945482254028
    ],
    "test_top5_accuracy": [
        0.9957932829856873
    ],
    "test_precision": [
        0.8977176547050476
    ],
    "test_recall": [
        0.8509615659713745
    ],
    "test_F1": [
        0.8715944886207581
    ],
    "test_crossentropy": [
        0.37137800455093384
    ]
}