{
    "time_used_to_train (s)": [
        1924.881762266159,
        1952.8083322048187,
        1962.9289107322693,
        2011.3170974254608,
        2053.7150287628174,
        2146.174793243408
    ],
    "test_accuracy": [
        0.8739984035491943,
        0.8771033883094788,
        0.8779046535491943,
        0.8739984035491943,
        0.8770031929016113,
        0.8784054517745972
    ],
    "test_top5_accuracy": [
        0.9966946840286255,
        0.9961938858032227,
        0.996995210647583,
        0.9970953464508057,
        0.996995210647583,
        0.9972956776618958
    ],
    "test_precision": [
        0.9028516411781311,
        0.9034475684165955,
        0.9044187664985657,
        0.9014862179756165,
        0.9048325419425964,
        0.9060019254684448
    ],
    "test_recall": [
        0.8498597741127014,
        0.8556690812110901,
        0.8548678159713745,
        0.8505609035491943,
        0.8551682829856873,
        0.8572716116905212
    ],
    "test_F1": [
        0.8739983439445496,
        0.877103328704834,
        0.8779046535491943,
        0.8739983439445496,
        0.8770031332969666,
        0.8784053921699524
    ],
    "test_crossentropy": [
        0.3610483407974243,
        0.3548849821090698,
        0.35362550616264343,
        0.3570484220981598,
        0.35638242959976196,
        0.35192808508872986
    ]
}