{
    "time_used_to_train (s)": [
        735.5284461975098,
        710.7698996067047,
        666.2617137432098,
        700.0361611843109,
        694.7511897087097,
        702.9855117797852,
        654.3599531650543,
        643.8892233371735
    ],
    "test_accuracy": [
        0.8807091116905212,
        0.8820112347602844,
        0.8847155570983887,
        0.8830128312110901,
        0.8850160241127014,
        0.8833132982254028,
        0.8817107081413269,
        0.8836137652397156
    ],
    "test_top5_accuracy": [
        0.9933894276618958,
        0.9955929517745972,
        0.9935897588729858,
        0.9948918223381042,
        0.9954928159713745,
        0.9952924847602844,
        0.9962940812110901,
        0.9935897588729858
    ],
    "test_precision": [
        0.9350380301475525,
        0.9318490028381348,
        0.935553789138794,
        0.937866747379303,
        0.9349676370620728,
        0.9364533424377441,
        0.9316444396972656,
        0.9354912638664246
    ],
    "test_recall": [
        0.8131009340286255,
        0.8258213400840759,
        0.8215144276618958,
        0.81640625,
        0.825120210647583,
        0.8177083134651184,
        0.8177083134651184,
        0.8163061141967773
    ],
    "test_F1": [
        0.8807090520858765,
        0.8820111155509949,
        0.8847154974937439,
        0.8830127716064453,
        0.8850159645080566,
        0.8833132386207581,
        0.8817106485366821,
        0.8836137056350708
    ],
    "test_crossentropy": [
        0.44743773341178894,
        0.4228990972042084,
        0.4206743538379669,
        0.43343406915664673,
        0.4182468354701996,
        0.4298975169658661,
        0.431780606508255,
        0.4350978136062622
    ]
}