{
    "time_used_to_train (s)": [
        199.12126207351685,
        196.94090175628662,
        195.9665653705597,
        192.61053895950317,
        190.97880864143372,
        188.8769814968109,
        189.77919626235962,
        189.83128452301025,
        204.2399628162384
    ],
    "test_accuracy": [
        0.7796474099159241,
        0.7754406929016113,
        0.7760416865348816,
        0.7855569124221802,
        0.776442289352417,
        0.7826522588729858,
        0.7660256624221802,
        0.7409855723381042,
        0.7481971383094788
    ],
    "test_top5_accuracy": [
        0.9861778616905212,
        0.9869791865348816,
        0.9856770634651184,
        0.9847756624221802,
        0.9864783883094788,
        0.9862780570983887,
        0.9729567170143127,
        0.9738581776618958,
        0.9710536599159241
    ],
    "test_precision": [
        0.8814648985862732,
        0.8852949738502502,
        0.8910732269287109,
        0.8794698119163513,
        0.8891461491584778,
        0.8832895159721375,
        0.8855932354927063,
        0.8763732314109802,
        0.8743975758552551
    ],
    "test_recall": [
        0.6316105723381042,
        0.6222956776618958,
        0.6128805875778198,
        0.6380208134651184,
        0.6153846383094788,
        0.6390224099159241,
        0.6070713400840759,
        0.5992588400840759,
        0.5996594429016113
    ],
    "test_F1": [
        0.7796473503112793,
        0.7754406332969666,
        0.7760416269302368,
        0.7855568528175354,
        0.776442289352417,
        0.7826521992683411,
        0.7660256028175354,
        0.7409855127334595,
        0.748197078704834
    ],
    "test_crossentropy": [
        0.7171787619590759,
        0.7321181893348694,
        0.7393460869789124,
        0.7060489058494568,
        0.734748125076294,
        0.7090825438499451,
        0.8940220475196838,
        0.9044855833053589,
        0.8824156522750854
    ]
}