{
    "time_used_to_train (s)": [
        109.91089057922363,
        116.55900168418884,
        116.47773122787476,
        115.6874749660492,
        117.39175152778625,
        113.696053981781,
        125.75835967063904,
        124.44648599624634,
        122.57581901550293,
        122.04806995391846
    ],
    "test_accuracy": [
        0.805588960647583,
        0.80859375,
        0.8095953464508057,
        0.815504789352417,
        0.8069911599159241,
        0.8018830418586731,
        0.8080929517745972,
        0.8064903616905212,
        0.8057892918586731,
        0.8130007982254028
    ],
    "test_precision": [
        0.9300282597541809,
        0.9292410016059875,
        0.9255658984184265,
        0.9300618767738342,
        0.9283991456031799,
        0.9339125156402588,
        0.928126871585846,
        0.9264312982559204,
        0.9294224381446838,
        0.9257134795188904
    ],
    "test_recall": [
        0.6257011294364929,
        0.6155849099159241,
        0.6389222741127014,
        0.6473357081413269,
        0.6168870329856873,
        0.6029647588729858,
        0.6273036599159241,
        0.6256009340286255,
        0.6172876358032227,
        0.6465344429016113
    ],
    "test_F1": [
        0.8055889010429382,
        0.8085936903953552,
        0.8095952868461609,
        0.8155047297477722,
        0.8069911003112793,
        0.8018829822540283,
        0.8080928921699524,
        0.8064903020858765,
        0.8057892322540283,
        0.8130006790161133
    ],
    "test_crossentropy": [
        0.6877601146697998,
        0.6993513703346252,
        0.6685847640037537,
        0.6559005379676819,
        0.6903234124183655,
        0.7123273015022278,
        0.6873103380203247,
        0.6864995956420898,
        0.693145215511322,
        0.6593638062477112
    ]
}