{
    "time_used_to_train (s)": [
        151.1496021747589,
        154.20908570289612,
        152.7228229045868,
        152.1280198097229,
        150.9832422733307,
        150.92302560806274,
        153.75383949279785,
        153.27093410491943,
        150.44331049919128,
        149.85544753074646
    ],
    "test_accuracy": [
        0.8771033883094788,
        0.8768028616905212,
        0.8745993375778198,
        0.8775039911270142,
        0.8781049847602844,
        0.8758012652397156,
        0.8764022588729858,
        0.8800080418586731,
        0.8778044581413269,
        0.8747996687889099
    ],
    "test_precision": [
        0.9073264598846436,
        0.907090961933136,
        0.9073817133903503,
        0.9051815867424011,
        0.9078248143196106,
        0.9064271450042725,
        0.9067263603210449,
        0.9091393351554871,
        0.9064564108848572,
        0.9054890871047974
    ],
    "test_recall": [
        0.8521634340286255,
        0.8507612347602844,
        0.8507612347602844,
        0.8538661599159241,
        0.8552684187889099,
        0.8489583134651184,
        0.8519631624221802,
        0.8548678159713745,
        0.8521634340286255,
        0.8492588400840759
    ],
    "test_F1": [
        0.877103328704834,
        0.8768028020858765,
        0.874599277973175,
        0.8775039315223694,
        0.8781048655509949,
        0.8758012056350708,
        0.8764021396636963,
        0.8800080418586731,
        0.8778043985366821,
        0.8747996091842651
    ],
    "test_crossentropy": [
        0.3555387258529663,
        0.3594864308834076,
        0.3600570857524872,
        0.35879334807395935,
        0.35522156953811646,
        0.3604726195335388,
        0.3593423664569855,
        0.35435426235198975,
        0.35643020272254944,
        0.3597410023212433
    ]
}