{
    "time_used_to_train (s)": [
        299.3620226383209
    ],
    "test_accuracy": [
        0.5467000007629395
    ],
    "test_top5_accuracy": [
        0.9435999989509583
    ],
    "test_precision": [
        0.7332218289375305
    ],
    "test_recall": [
        0.3506999909877777
    ],
    "test_F1": [
        0.5466999411582947
    ],
    "test_crossentropy": [
        1.2741299867630005
    ]
}