{
    "train accuracy": [
        0.3549250066280365,
        0.4144749939441681,
        0.4348500072956085,
        0.4516249895095825,
        0.4630500078201294,
        0.47747498750686646,
        0.4835749864578247,
        0.4944249987602234,
        0.5015749931335449,
        0.507224977016449,
        0.5094000101089478,
        0.5165249705314636,
        0.5238249897956848,
        0.5250750184059143,
        0.5328750014305115,
        0.5327000021934509,
        0.5367749929428101,
        0.5406000018119812,
        0.5408499836921692,
        0.5505499839782715
    ],
    "val_accuracy": [
        0.41029998660087585,
        0.4388999938964844,
        0.45410001277923584,
        0.4562999904155731,
        0.47200000286102295,
        0.48019999265670776,
        0.4880000054836273,
        0.4950999915599823,
        0.5005000233650208,
        0.5109000205993652,
        0.5178999900817871,
        0.5098000168800354,
        0.5210000276565552,
        0.5296000242233276,
        0.5264999866485596,
        0.5311999917030334,
        0.5310999751091003,
        0.5449000000953674,
        0.5432000160217285,
        0.5453000068664551
    ],
    "train_loss": [
        1.8143922090530396,
        1.6430318355560303,
        1.5848232507705688,
        1.5399136543273926,
        1.4999500513076782,
        1.4701582193374634,
        1.4508497714996338,
        1.4278135299682617,
        1.4053796529769897,
        1.387635588645935,
        1.3765836954116821,
        1.3649851083755493,
        1.349329948425293,
        1.3380738496780396,
        1.327460765838623,
        1.313644289970398,
        1.3038076162338257,
        1.2964036464691162,
        1.2841178178787231,
        1.2774049043655396
    ],
    "val_loss": [
        1.6702195405960083,
        1.5975488424301147,
        1.5515247583389282,
        1.5218563079833984,
        1.483934760093689,
        1.4533510208129883,
        1.4322655200958252,
        1.4187835454940796,
        1.4020226001739502,
        1.3800747394561768,
        1.3624359369277954,
        1.3876399993896484,
        1.351179599761963,
        1.3375879526138306,
        1.333019733428955,
        1.3177036046981812,
        1.3088290691375732,
        1.297300934791565,
        1.2926448583602905,
        1.2818325757980347
    ]
}