{
    "time_used_to_train (s)": [
        939.619756937027
    ],
    "test_accuracy": [
        0.5371000170707703
    ],
    "test_top5_accuracy": [
        0.9424999952316284
    ],
    "test_precision": [
        0.7428708076477051
    ],
    "test_recall": [
        0.3100000023841858
    ],
    "test_F1": [
        0.5370999574661255
    ],
    "test_crossentropy": [
        1.3043723106384277
    ]
}