{
    "time_used_to_train (s)": [
        3.1324236392974854,
        3.3276960849761963,
        3.3757076263427734,
        3.118093729019165,
        3.155033588409424,
        3.0568714141845703,
        3.0715935230255127,
        3.2217063903808594,
        3.180856227874756,
        3.0986437797546387
    ],
    "test_accuracy": [
        0.71875,
        0.71875,
        0.7447916865348816,
        0.7447916865348816,
        0.7239583134651184,
        0.71875,
        0.71875,
        0.71875,
        0.734375,
        0.7239583134651184
    ],
    "test_precision": [
        0.0,
        0.0,
        0.0,
        0.0,
        0.7301587462425232,
        0.0,
        0.0,
        0.0,
        0.7777777910232544,
        0.0
    ],
    "test_recall": [
        0.0,
        0.0,
        0.0,
        0.0,
        0.71875,
        0.0,
        0.0,
        0.0,
        0.0729166641831398,
        0.0
    ],
    "test_F1": [
        0.7187499403953552,
        0.7187499403953552,
        0.7447916865348816,
        0.7447916865348816,
        0.7239582538604736,
        0.7187499403953552,
        0.7187499403953552,
        0.7187499403953552,
        0.7343749403953552,
        0.7239582538604736
    ],
    "test_crossentropy": [
        1.5394352674484253,
        1.4837547540664673,
        1.3718613386154175,
        1.391641616821289,
        0.9693471789360046,
        1.4158955812454224,
        1.4013566970825195,
        1.4170831441879272,
        1.2145828008651733,
        1.5376062393188477
    ]
}