{
    "time_used_to_train (s)": [
        2.108189105987549,
        2.0949013233184814,
        2.113603353500366,
        2.081447124481201,
        2.0560660362243652,
        2.0880355834960938,
        2.1054728031158447,
        2.0881683826446533,
        2.06620717048645,
        2.0788345336914062
    ],
    "test_accuracy": [
        0.7239583134651184,
        0.7604166865348816,
        0.7604166865348816,
        0.75,
        0.734375,
        0.734375,
        0.7604166865348816,
        0.7395833134651184,
        0.734375,
        0.7447916865348816
    ],
    "test_precision": [
        0.7301587462425232,
        0.7704917788505554,
        0.7634408473968506,
        0.7621621489524841,
        0.7540106773376465,
        0.7580645084381104,
        0.7704917788505554,
        0.7580645084381104,
        0.7368420958518982,
        0.7663043737411499
    ],
    "test_recall": [
        0.71875,
        0.734375,
        0.7395833134651184,
        0.734375,
        0.734375,
        0.734375,
        0.734375,
        0.734375,
        0.7291666865348816,
        0.734375
    ],
    "test_F1": [
        0.7239582538604736,
        0.7604166269302368,
        0.7604166269302368,
        0.7499999403953552,
        0.7343749403953552,
        0.7343749403953552,
        0.7604166269302368,
        0.7395832538604736,
        0.7343749403953552,
        0.7447916865348816
    ],
    "test_crossentropy": [
        0.9693248271942139,
        0.8365419507026672,
        0.8392181396484375,
        0.8444643616676331,
        0.8975226283073425,
        0.8998422622680664,
        0.8500478863716125,
        0.8897542953491211,
        0.972475528717041,
        0.8603355288505554
    ]
}