{
    "time_used_to_train (s)": [
        9.516139507293701,
        9.205983638763428,
        8.820887327194214,
        8.882277011871338
    ],
    "test_accuracy": [
        0.078125,
        0.5572916865348816,
        0.078125,
        0.078125
    ],
    "test_precision": [
        0.0,
        0.5602094531059265,
        0.0,
        0.0
    ],
    "test_recall": [
        0.0,
        0.5572916865348816,
        0.0,
        0.0
    ],
    "test_F1": [
        0.0,
        0.5572916269302368,
        0.0,
        0.0
    ],
    "test_crossentropy": [
        NaN,
        36.332820892333984,
        NaN,
        NaN
    ]
}