{
    "time_used_to_train (s)": [
        4.095876932144165,
        4.344323396682739,
        4.221483469009399,
        4.0513153076171875,
        4.081354141235352,
        4.017453908920288,
        4.01727032661438,
        4.026271820068359,
        4.0759100914001465,
        4.034566879272461
    ],
    "test_accuracy": [
        0.7239583134651184,
        0.71875,
        0.71875,
        0.7239583134651184,
        0.7239583134651184,
        0.7083333134651184,
        0.71875,
        0.7395833134651184,
        0.7447916865348816,
        0.7239583134651184
    ],
    "test_precision": [
        0.0,
        0.0,
        0.0,
        0.0,
        0.0,
        0.0,
        0.0,
        0.0,
        0.0,
        0.0
    ],
    "test_recall": [
        0.0,
        0.0,
        0.0,
        0.0,
        0.0,
        0.0,
        0.0,
        0.0,
        0.0,
        0.0
    ],
    "test_F1": [
        0.7239582538604736,
        0.7187499403953552,
        0.7187499403953552,
        0.7239582538604736,
        0.7239582538604736,
        0.7083333134651184,
        0.7187499403953552,
        0.7395832538604736,
        0.7447916865348816,
        0.7239582538604736
    ],
    "test_crossentropy": [
        1.671709418296814,
        1.5901614427566528,
        1.6370769739151,
        1.6948423385620117,
        1.6408430337905884,
        1.7110093832015991,
        1.651879906654358,
        1.6988897323608398,
        1.660440444946289,
        1.671621322631836
    ]
}