{
    "time_used_to_train (s)": [
        3.1560916900634766,
        3.120335817337036,
        3.0899882316589355,
        3.141430377960205,
        3.1810503005981445,
        3.076982021331787,
        3.1073827743530273,
        3.06101393699646,
        3.035217761993408,
        3.119204044342041
    ],
    "test_accuracy": [
        0.71875,
        0.7135416865348816,
        0.71875,
        0.734375,
        0.71875,
        0.71875,
        0.71875,
        0.734375,
        0.71875,
        0.71875
    ],
    "test_precision": [
        0.0,
        0.0,
        0.0,
        0.0,
        0.7452830076217651,
        0.0,
        0.0,
        0.0,
        0.0,
        0.0
    ],
    "test_recall": [
        0.0,
        0.0,
        0.0,
        0.0,
        0.4114583432674408,
        0.0,
        0.0,
        0.0,
        0.0,
        0.0
    ],
    "test_F1": [
        0.7187499403953552,
        0.7135416269302368,
        0.7187499403953552,
        0.7343749403953552,
        0.7187499403953552,
        0.7187499403953552,
        0.7187499403953552,
        0.7343749403953552,
        0.7187499403953552,
        0.7187499403953552
    ],
    "test_crossentropy": [
        1.334547519683838,
        1.4044986963272095,
        1.3857007026672363,
        1.2604031562805176,
        1.1452996730804443,
        1.343410849571228,
        1.3606058359146118,
        1.4801384210586548,
        1.3661342859268188,
        1.3336418867111206
    ]
}