{
    "time_used_to_train (s)": [
        13.75589370727539,
        13.064448595046997,
        13.007946252822876,
        12.977098226547241,
        13.065213918685913,
        13.015385389328003,
        13.024902105331421,
        13.125467538833618,
        13.111550331115723,
        13.205082178115845
    ],
    "test_accuracy": [
        0.71875,
        0.71875,
        0.71875,
        0.71875,
        0.71875,
        0.71875,
        0.71875,
        0.71875,
        0.71875,
        0.71875
    ],
    "test_precision": [
        0.0,
        0.0,
        0.0,
        0.0,
        0.0,
        0.0,
        0.0,
        0.0,
        0.0,
        0.0
    ],
    "test_recall": [
        0.0,
        0.0,
        0.0,
        0.0,
        0.0,
        0.0,
        0.0,
        0.0,
        0.0,
        0.0
    ],
    "test_F1": [
        0.7187499403953552,
        0.7187499403953552,
        0.7187499403953552,
        0.7187499403953552,
        0.7187499403953552,
        0.7187499403953552,
        0.7187499403953552,
        0.7187499403953552,
        0.7187499403953552,
        0.7187499403953552
    ],
    "test_crossentropy": [
        1.7886818647384644,
        1.7887048721313477,
        1.7887463569641113,
        1.7887517213821411,
        1.7887157201766968,
        1.7886987924575806,
        1.7887300252914429,
        1.7887215614318848,
        1.788697600364685,
        1.7886992692947388
    ]
}