{
    "time_used_to_train (s)": [
        11.108001947402954,
        11.163600206375122,
        11.030691623687744,
        11.090600967407227,
        11.056479692459106,
        11.046354293823242,
        11.158771991729736,
        11.758265733718872
    ],
    "test_accuracy": [
        0.71875,
        0.71875,
        0.71875,
        0.71875,
        0.7239583134651184,
        0.71875,
        0.71875,
        0.734375
    ],
    "test_precision": [
        0.0,
        0.0,
        0.0,
        0.0,
        0.0,
        0.0,
        0.0,
        0.0
    ],
    "test_recall": [
        0.0,
        0.0,
        0.0,
        0.0,
        0.0,
        0.0,
        0.0,
        0.0
    ],
    "test_F1": [
        0.7187499403953552,
        0.7187499403953552,
        0.7187499403953552,
        0.7187499403953552,
        0.7239582538604736,
        0.7187499403953552,
        0.7187499403953552,
        0.7343749403953552
    ],
    "test_crossentropy": [
        1.40127694606781,
        1.4099725484848022,
        1.6122437715530396,
        1.3152074813842773,
        1.4152030944824219,
        1.4095420837402344,
        1.430742859840393,
        1.4717421531677246
    ]
}