{
    "time_used_to_train (s)": [
        11.522822141647339,
        11.910520076751709,
        11.715351104736328,
        11.052426815032959,
        11.203957080841064,
        11.185826301574707,
        11.459735870361328,
        11.594477415084839
    ],
    "test_accuracy": [
        0.7708333134651184,
        0.078125,
        0.7395833134651184,
        0.078125,
        0.734375,
        0.765625,
        0.7447916865348816,
        0.7395833134651184
    ],
    "test_precision": [
        0.7734806537628174,
        0.0,
        0.7692307829856873,
        0.0,
        0.7567567825317383,
        0.7868852615356445,
        0.7722222208976746,
        0.7853107452392578
    ],
    "test_recall": [
        0.7291666865348816,
        0.0,
        0.7291666865348816,
        0.0,
        0.7291666865348816,
        0.75,
        0.7239583134651184,
        0.7239583134651184
    ],
    "test_F1": [
        0.7708332538604736,
        0.0,
        0.7395832538604736,
        0.0,
        0.7343749403953552,
        0.7656249403953552,
        0.7447916865348816,
        0.7395832538604736
    ],
    "test_crossentropy": [
        0.819131076335907,
        NaN,
        0.8976050019264221,
        NaN,
        0.8435924053192139,
        0.8170682787895203,
        0.8237070441246033,
        0.8183342814445496
    ]
}