{
    "time_used_to_train (s)": [
        784.596626996994,
        784.0717673301697,
        785.2689332962036,
        785.613715171814,
        789.8976337909698,
        787.3800139427185
    ],
    "test_accuracy": [
        0.9655448794364929,
        0.9659455418586731,
        0.9664463400840759,
        0.9664463400840759,
        0.96484375,
        0.965745210647583
    ],
    "test_precision": [
        0.974332869052887,
        0.9741449356079102,
        0.9749541878700256,
        0.9752495288848877,
        0.9739094972610474,
        0.9752394556999207
    ],
    "test_recall": [
        0.9581330418586731,
        0.9585336446762085,
        0.9591346383094788,
        0.9590344429016113,
        0.9571313858032227,
        0.9586338400840759
    ],
    "test_F1": [
        0.9655448198318481,
        0.9659454822540283,
        0.9664462804794312,
        0.9664462804794312,
        0.9648436903953552,
        0.9657451510429382
    ],
    "test_crossentropy": [
        0.10959896445274353,
        0.10907569527626038,
        0.1088927611708641,
        0.10934536159038544,
        0.1131240501999855,
        0.10871095955371857
    ]
}