{
    "time_used_to_train (s)": [
        501.7923846244812,
        497.3392915725708,
        494.72223377227783,
        498.1521472930908,
        500.01203417778015,
        498.9988589286804
    ],
    "test_accuracy": [
        0.9230769276618958,
        0.9231770634651184,
        0.9196714758872986,
        0.9245793223381042,
        0.9225761294364929,
        0.9212740659713745
    ],
    "test_precision": [
        0.9682667255401611,
        0.969668984413147,
        0.9680851101875305,
        0.9686962366104126,
        0.9690520167350769,
        0.9693124294281006
    ],
    "test_recall": [
        0.8465544581413269,
        0.8421474099159241,
        0.8385416865348816,
        0.8461538553237915,
        0.8436498641967773,
        0.8415464758872986
    ],
    "test_F1": [
        0.923076868057251,
        0.9231770038604736,
        0.9196714162826538,
        0.9245792031288147,
        0.9225760698318481,
        0.9212740063667297
    ],
    "test_crossentropy": [
        0.3462274372577667,
        0.3559393882751465,
        0.3585382103919983,
        0.34696266055107117,
        0.3507024645805359,
        0.35405233502388
    ]
}