{
    "time_used_to_train (s)": [
        46.87272810935974,
        53.94431781768799,
        47.00787591934204,
        46.45130205154419,
        48.339749336242676,
        48.509621381759644
    ],
    "test_accuracy": [
        0.9777644276618958,
        0.977463960647583,
        0.9779647588729858,
        0.9787660241127014,
        0.9788661599159241,
        0.9788661599159241
    ],
    "test_precision": [
        0.9800865054130554,
        0.9806627035140991,
        0.9803802967071533,
        0.9817816019058228,
        0.9810922145843506,
        0.980603039264679
    ],
    "test_recall": [
        0.9760617017745972,
        0.9752604365348816,
        0.9759615659713745,
        0.9769631624221802,
        0.9770632982254028,
        0.9772636294364929
    ],
    "test_F1": [
        0.977764368057251,
        0.9774639010429382,
        0.9779646992683411,
        0.9787659645080566,
        0.9788661003112793,
        0.9788661003112793
    ],
    "test_crossentropy": [
        0.06662941724061966,
        0.06780493259429932,
        0.06630264967679977,
        0.06518393754959106,
        0.06721550971269608,
        0.06745564937591553
    ]
}