{
    "time_used_to_train (s)": [
        776.5875906944275,
        785.4380297660828,
        786.3069949150085,
        785.4371619224548,
        786.4526214599609,
        786.165979385376
    ],
    "test_accuracy": [
        0.9612379670143127,
        0.9619390964508057,
        0.9622395634651184,
        0.9619390964508057,
        0.9627403616905212,
        0.961838960647583
    ],
    "test_precision": [
        0.9715949892997742,
        0.9715509414672852,
        0.9724124073982239,
        0.9721909761428833,
        0.9722790718078613,
        0.9716768860816956
    ],
    "test_recall": [
        0.9524238705635071,
        0.9543269276618958,
        0.9532251358032227,
        0.9524238705635071,
        0.9520232081413269,
        0.9518229365348816
    ],
    "test_F1": [
        0.961237907409668,
        0.9619390368461609,
        0.9622395038604736,
        0.9619390368461609,
        0.9627402424812317,
        0.9618389010429382
    ],
    "test_crossentropy": [
        0.12546445429325104,
        0.1242847666144371,
        0.12555156648159027,
        0.12450109422206879,
        0.12741124629974365,
        0.12627577781677246
    ]
}