{
    "time_used_to_train (s)": [
        3006.2415232658386,
        3008.8066573143005,
        3007.4856836795807,
        3009.920373439789,
        3023.625138759613
    ],
    "test_accuracy": [
        0.5686097741127014,
        0.5631009340286255,
        0.5667067170143127,
        0.5672075152397156,
        0.5646033883094788
    ],
    "test_top5_accuracy": [
        0.8601762652397156,
        0.8571714758872986,
        0.8567708134651184,
        0.8579727411270142,
        0.8604767918586731
    ],
    "test_precision": [
        0.8592612743377686,
        0.863169252872467,
        0.8582763075828552,
        0.8619741797447205,
        0.8579962253570557
    ],
    "test_recall": [
        0.3192107379436493,
        0.3197115361690521,
        0.3142027258872986,
        0.3140023946762085,
        0.31650641560554504
    ],
    "test_F1": [
        0.5686097145080566,
        0.5631008744239807,
        0.566706657409668,
        0.5672074556350708,
        0.564603328704834
    ],
    "test_crossentropy": [
        1.59757399559021,
        1.609008550643921,
        1.6092979907989502,
        1.6094249486923218,
        1.6077712774276733
    ]
}