{
    "time_used_to_train (s)": [
        208.4671766757965,
        215.32204508781433,
        212.66810369491577,
        205.7476086616516,
        217.80459356307983,
        226.14740705490112
    ],
    "test_accuracy": [
        0.6261017918586731,
        0.629807710647583,
        0.6275039911270142,
        0.6257011294364929,
        0.6234976053237915,
        0.6267027258872986
    ],
    "test_precision": [
        0.7487137913703918,
        0.7555555701255798,
        0.7482837438583374,
        0.7510165572166443,
        0.7642990946769714,
        0.7601233124732971
    ],
    "test_recall": [
        0.5538862347602844,
        0.551682710647583,
        0.5567908883094788,
        0.5549879670143127,
        0.5313501358032227,
        0.5433694124221802
    ],
    "test_F1": [
        0.6261017322540283,
        0.6298076510429382,
        0.6275039315223694,
        0.6257010698318481,
        0.6234975457191467,
        0.6267026662826538
    ],
    "test_crossentropy": [
        1.3693212270736694,
        1.352522373199463,
        1.3756850957870483,
        1.3775029182434082,
        1.3346295356750488,
        1.3473669290542603
    ]
}