{
    "time_used_to_train (s)": [
        3783.305248975754,
        3782.0820558071136,
        3786.128118991852,
        3785.7112486362457,
        3788.21497130394
    ],
    "test_accuracy": [
        0.010016025975346565,
        0.009915865026414394,
        0.010016025975346565,
        0.010016025975346565,
        0.010016025975346565
    ],
    "test_top5_accuracy": [
        0.05008012801408768,
        0.04997996613383293,
        0.05008012801408768,
        0.05008012801408768,
        0.05008012801408768
    ],
    "test_precision": [
        0.0,
        0.0,
        0.0,
        0.0,
        0.0
    ],
    "test_recall": [
        0.0,
        0.0,
        0.0,
        0.0,
        0.0
    ],
    "test_F1": [
        0.010015975683927536,
        0.009915814734995365,
        0.010015975683927536,
        0.010015975683927536,
        0.010015975683927536
    ],
    "test_crossentropy": [
        4.605172157287598,
        4.605170249938965,
        4.6051716804504395,
        4.605171203613281,
        4.605170726776123
    ]
}