{
    "time_used_to_train (s)": [
        498.6684970855713,
        498.05707716941833,
        497.1668939590454,
        499.5804109573364,
        501.3545968532562,
        502.03193640708923
    ],
    "test_accuracy": [
        0.8606770634651184,
        0.8669871687889099,
        0.8605769276618958,
        0.8606770634651184,
        0.8652844429016113,
        0.8616786599159241
    ],
    "test_precision": [
        0.9588744640350342,
        0.9555466175079346,
        0.9548726677894592,
        0.9590876698493958,
        0.9536467790603638,
        0.9551847577095032
    ],
    "test_recall": [
        0.6655648946762085,
        0.7126402258872986,
        0.6909054517745972,
        0.6738781929016113,
        0.7150440812110901,
        0.6938101053237915
    ],
    "test_F1": [
        0.8606770634651184,
        0.8669870495796204,
        0.860576868057251,
        0.8606770634651184,
        0.8652843832969666,
        0.8616786003112793
    ],
    "test_crossentropy": [
        0.6078265309333801,
        0.5510364174842834,
        0.576694667339325,
        0.6005194187164307,
        0.5505996942520142,
        0.5801929831504822
    ]
}