{
    "time_used_to_train (s)": [
        42.73650336265564,
        45.32590842247009,
        43.733011960983276,
        44.70396184921265,
        43.87720823287964,
        46.187358379364014
    ],
    "test_accuracy": [
        0.9207732081413269,
        0.9220753312110901,
        0.9181690812110901,
        0.9245793223381042,
        0.9208734035491943,
        0.9183694124221802
    ],
    "test_precision": [
        0.9350515604019165,
        0.9360452890396118,
        0.9338212609291077,
        0.9363664388656616,
        0.9328411817550659,
        0.933319628238678
    ],
    "test_recall": [
        0.9084535241127014,
        0.9103565812110901,
        0.9073517918586731,
        0.9152644276618958,
        0.9112580418586731,
        0.9098557829856873
    ],
    "test_F1": [
        0.9207731485366821,
        0.9220753312110901,
        0.9181690216064453,
        0.9245792031288147,
        0.9208733439445496,
        0.9183693528175354
    ],
    "test_crossentropy": [
        0.23554947972297668,
        0.2326461374759674,
        0.23323917388916016,
        0.23037688434123993,
        0.2354179471731186,
        0.24011002480983734
    ]
}