{
    "time_used_to_train (s)": [
        559.1534490585327
    ],
    "test_accuracy": [
        0.9231770634651184
    ],
    "test_precision": [
        0.935792088508606
    ],
    "test_recall": [
        0.9123597741127014
    ],
    "test_F1": [
        0.9231770038604736
    ],
    "test_crossentropy": [
        0.23059143126010895
    ]
}