{
    "time_used_to_train (s)": [
        982.9362351894379,
        980.9649567604065,
        981.416716337204,
        983.1093072891235,
        985.0090837478638,
        983.1508429050446
    ],
    "test_accuracy": [
        0.8817107081413269,
        0.8770031929016113,
        0.8765023946762085,
        0.8753004670143127,
        0.8806089758872986,
        0.8771033883094788
    ],
    "test_top5_accuracy": [
        0.99609375,
        0.9963942170143127,
        0.9959936141967773,
        0.9956930875778198,
        0.9964944124221802,
        0.9957932829856873
    ],
    "test_precision": [
        0.9450443983078003,
        0.9458768963813782,
        0.940381646156311,
        0.9450067281723022,
        0.9454392790794373,
        0.9466764330863953
    ],
    "test_recall": [
        0.7888621687889099,
        0.7789463400840759,
        0.7946714758872986,
        0.7762419581413269,
        0.7879607081413269,
        0.7788461446762085
    ],
    "test_F1": [
        0.8817106485366821,
        0.8770031332969666,
        0.8765023350715637,
        0.875300407409668,
        0.8806089162826538,
        0.877103328704834
    ],
    "test_crossentropy": [
        0.43728357553482056,
        0.45467695593833923,
        0.42750707268714905,
        0.461164265871048,
        0.43745580315589905,
        0.4575080871582031
    ]
}