{
    "time_used_to_train (s)": [
        803.0139172077179,
        802.1516094207764,
        804.2795400619507,
        806.4193658828735,
        810.4884760379791,
        814.4481227397919
    ],
    "test_accuracy": [
        0.9046474099159241,
        0.9031450152397156,
        0.9034455418586731,
        0.905348539352417,
        0.9035456776618958,
        0.9044471383094788
    ],
    "test_top5_accuracy": [
        0.996995210647583,
        0.9974960088729858,
        0.9970953464508057,
        0.9967948794364929,
        0.9971955418586731,
        0.9972956776618958
    ],
    "test_precision": [
        0.9320429563522339,
        0.9317021369934082,
        0.9320750832557678,
        0.9338587522506714,
        0.9308696985244751,
        0.9334967732429504
    ],
    "test_recall": [
        0.8778044581413269,
        0.8772035241127014,
        0.8755007982254028,
        0.8782051205635071,
        0.878004789352417,
        0.8773036599159241
    ],
    "test_F1": [
        0.9046473503112793,
        0.9031449556350708,
        0.9034454822540283,
        0.9053484797477722,
        0.903545618057251,
        0.904447078704834
    ],
    "test_crossentropy": [
        0.2889580726623535,
        0.2887766361236572,
        0.2910778224468231,
        0.2878485321998596,
        0.2908259928226471,
        0.289941668510437
    ]
}