{
    "time_used_to_train (s)": [
        92.01574778556824
    ],
    "test_accuracy": [
        0.8855168223381042
    ],
    "test_top5_accuracy": [
        0.9952924847602844
    ],
    "test_precision": [
        0.9198266267776489
    ],
    "test_recall": [
        0.8503605723381042
    ],
    "test_F1": [
        0.8855167627334595
    ],
    "test_crossentropy": [
        0.34639450907707214
    ]
}