{
    "time_used_to_train (s)": [
        1023.6082255840302,
        1005.0756664276123
    ],
    "test_accuracy": [
        0.9656450152397156,
        0.9676482081413269
    ],
    "test_precision": [
        0.9695656299591064,
        0.9706712365150452
    ],
    "test_recall": [
        0.9636418223381042,
        0.9646434187889099
    ],
    "test_F1": [
        0.9656449556350708,
        0.9676481485366821
    ],
    "test_crossentropy": [
        0.10771001875400543,
        0.11112422496080399
    ]
}