{
    "time_used_to_train (s)": [
        636.2355000972748,
        639.0430660247803,
        640.4496500492096,
        639.3199889659882,
        645.2881994247437,
        631.7044477462769,
        634.7675626277924,
        634.458550453186,
        639.0783233642578,
        648.8820488452911
    ],
    "test_accuracy": [
        0.9779647588729858,
        0.9767628312110901,
        0.9776642918586731,
        0.9786658883094788,
        0.9777644276618958,
        0.9759615659713745,
        0.977463960647583,
        0.9770632982254028,
        0.9742588400840759,
        0.9783653616905212
    ],
    "test_top5_accuracy": [
        0.9991987347602844,
        0.9987980723381042,
        0.9988982081413269,
        0.9988982081413269,
        0.9985977411270142,
        0.9991987347602844,
        0.9987980723381042,
        0.9984976053237915,
        0.9985977411270142,
        0.999098539352417
    ],
    "test_precision": [
        0.9890121221542358,
        0.9882619380950928,
        0.9885954856872559,
        0.9877861142158508,
        0.9893562197685242,
        0.9874858856201172,
        0.9888055920600891,
        0.9887075424194336,
        0.9876403212547302,
        0.9879778027534485
    ],
    "test_recall": [
        0.9646434187889099,
        0.9613381624221802,
        0.9637419581413269,
        0.963942289352417,
        0.9589343070983887,
        0.9642428159713745,
        0.9643429517745972,
        0.9646434187889099,
        0.9604367017745972,
        0.9630408883094788
    ],
    "test_F1": [
        0.9779646992683411,
        0.9767627716064453,
        0.9776642322540283,
        0.978665828704834,
        0.977764368057251,
        0.9759615063667297,
        0.9774639010429382,
        0.9770632386207581,
        0.9742587804794312,
        0.9783653020858765
    ],
    "test_crossentropy": [
        0.11913513392210007,
        0.13503627479076385,
        0.1223718449473381,
        0.1275516301393509,
        0.15337029099464417,
        0.12568044662475586,
        0.12045648694038391,
        0.12103501707315445,
        0.1301252692937851,
        0.1253443956375122
    ]
}