{
    "time_used_to_train (s)": [
        161.0691659450531,
        159.29584193229675,
        159.6261887550354,
        160.30586123466492,
        157.04537415504456,
        156.35289764404297,
        157.24222707748413,
        156.56870865821838,
        156.76564574241638,
        156.25849413871765
    ],
    "test_accuracy": [
        0.9560296535491943,
        0.9560296535491943,
        0.9559294581413269,
        0.9569311141967773,
        0.9575320482254028,
        0.9573317170143127,
        0.9572315812110901,
        0.956129789352417,
        0.9564303159713745,
        0.9563301205635071
    ],
    "test_precision": [
        0.9693636298179626,
        0.9691421389579773,
        0.9691485166549683,
        0.9684869647026062,
        0.9692734479904175,
        0.9685637950897217,
        0.9697717428207397,
        0.9684351086616516,
        0.9698435664176941,
        0.9691548347473145
    ],
    "test_recall": [
        0.944411039352417,
        0.9437099099159241,
        0.9439102411270142,
        0.9450120329856873,
        0.9447115659713745,
        0.9443109035491943,
        0.9447115659713745,
        0.9434094429016113,
        0.9438101053237915,
        0.9441105723381042
    ],
    "test_F1": [
        0.9560295939445496,
        0.9560295939445496,
        0.9559293985366821,
        0.9569310545921326,
        0.9575319886207581,
        0.957331657409668,
        0.9572315216064453,
        0.9561297297477722,
        0.956430196762085,
        0.9563300609588623
    ],
    "test_crossentropy": [
        0.15233774483203888,
        0.15148666501045227,
        0.15065935254096985,
        0.151434063911438,
        0.15005874633789062,
        0.151290163397789,
        0.14972253143787384,
        0.15154153108596802,
        0.14989052712917328,
        0.1533127874135971
    ]
}