{
    "time_used_to_train (s)": [
        195.63918733596802,
        195.69602489471436,
        195.4972484111786,
        196.57225060462952,
        197.67347192764282,
        197.1786458492279
    ],
    "test_accuracy": [
        0.944411039352417,
        0.9441105723381042,
        0.9446113705635071,
        0.9428085088729858,
        0.944411039352417,
        0.9431089758872986
    ],
    "test_top5_accuracy": [
        0.9988982081413269,
        0.9988982081413269,
        0.9988982081413269,
        0.9989984035491943,
        0.9988982081413269,
        0.9987980723381042
    ],
    "test_precision": [
        0.9670920968055725,
        0.9682539701461792,
        0.9659498333930969,
        0.9663918614387512,
        0.9665855765342712,
        0.9676464200019836
    ],
    "test_recall": [
        0.9183694124221802,
        0.9164663553237915,
        0.9177684187889099,
        0.9158653616905212,
        0.9155648946762085,
        0.9166666865348816
    ],
    "test_F1": [
        0.9444109797477722,
        0.9441105127334595,
        0.9446113109588623,
        0.9428084492683411,
        0.9444109797477722,
        0.9431089162826538
    ],
    "test_crossentropy": [
        0.21858061850070953,
        0.219858780503273,
        0.21927623450756073,
        0.22319598495960236,
        0.2198677808046341,
        0.22108931839466095
    ]
}