{
    "time_used_to_train (s)": [
        243.3560597896576,
        244.0078775882721,
        245.39154291152954,
        246.7586648464203,
        245.51923942565918,
        247.3043942451477
    ],
    "test_accuracy": [
        0.9445112347602844,
        0.9436097741127014,
        0.9433093070983887,
        0.9430088400840759,
        0.9425080418586731,
        0.9442107081413269
    ],
    "test_top5_accuracy": [
        0.9984976053237915,
        0.9984976053237915,
        0.9981971383094788,
        0.9984976053237915,
        0.9979968070983887,
        0.9982972741127014
    ],
    "test_precision": [
        0.9694322943687439,
        0.9698101282119751,
        0.969296395778656,
        0.9703466892242432,
        0.9706889390945435,
        0.9710562825202942
    ],
    "test_recall": [
        0.9116586446762085,
        0.9105569124221802,
        0.9106570482254028,
        0.9111578464508057,
        0.9088541865348816,
        0.9106570482254028
    ],
    "test_F1": [
        0.9445111751556396,
        0.9436097145080566,
        0.9433092474937439,
        0.9430087804794312,
        0.9425079822540283,
        0.9442106485366821
    ],
    "test_crossentropy": [
        0.22712260484695435,
        0.2305857539176941,
        0.22962342202663422,
        0.22776934504508972,
        0.23137126863002777,
        0.22697632014751434
    ]
}