{
    "time_used_to_train (s)": [
        104.14844942092896,
        102.67048501968384,
        103.03476428985596,
        103.02224493026733,
        102.95772433280945,
        105.90595245361328,
        103.92133045196533,
        103.13521313667297,
        104.47962212562561,
        102.86059093475342
    ],
    "test_accuracy": [
        0.9212740659713745,
        0.9221754670143127,
        0.9237780570983887,
        0.9241786599159241,
        0.9236778616905212,
        0.9216746687889099,
        0.9214743375778198,
        0.9211738705635071,
        0.921875,
        0.9213742017745972
    ],
    "test_precision": [
        0.9698492288589478,
        0.9702306389808655,
        0.9706317782402039,
        0.9706284403800964,
        0.9714676737785339,
        0.9709315896034241,
        0.9702258706092834,
        0.9695899486541748,
        0.9699145555496216,
        0.9694517254829407
    ],
    "test_recall": [
        0.8505609035491943,
        0.8552684187889099,
        0.8540664911270142,
        0.8539663553237915,
        0.8525640964508057,
        0.8497596383094788,
        0.8518629670143127,
        0.8526642918586731,
        0.852463960647583,
        0.8518629670143127
    ],
    "test_F1": [
        0.9212740063667297,
        0.922175407409668,
        0.9237779974937439,
        0.9241786003112793,
        0.9236778020858765,
        0.9216746091842651,
        0.921474277973175,
        0.9211738109588623,
        0.9218749403953552,
        0.9213741421699524
    ],
    "test_crossentropy": [
        0.35419633984565735,
        0.34367290139198303,
        0.34645742177963257,
        0.3479616045951843,
        0.34777069091796875,
        0.3499630391597748,
        0.34759029746055603,
        0.3476859927177429,
        0.348598450422287,
        0.3449457585811615
    ]
}