{
    "time_used_to_train (s)": [
        326.0103950500488,
        325.9962091445923,
        332.7378234863281,
        329.5436692237854,
        333.55184149742126,
        337.1647996902466,
        278.7448945045471,
        264.63637113571167,
        250.60399389266968,
        252.30579352378845,
        250.13677430152893,
        253.82839345932007
    ],
    "test_accuracy": [
        0.6855969429016113,
        0.6863982081413269,
        0.6839944124221802,
        0.6843950152397156,
        0.6843950152397156,
        0.682692289352417,
        0.6889022588729858,
        0.6794871687889099,
        0.6855969429016113,
        0.6831930875778198,
        0.6845953464508057,
        0.6833934187889099
    ],
    "test_precision": [
        0.8056522607803345,
        0.7973805069923401,
        0.8026140332221985,
        0.8061513304710388,
        0.7997879981994629,
        0.8087121248245239,
        0.8062517046928406,
        0.7961370348930359,
        0.8174492716789246,
        0.8003994822502136,
        0.8115254044532776,
        0.8013544082641602
    ],
    "test_recall": [
        0.602463960647583,
        0.6097756624221802,
        0.6027644276618958,
        0.598557710647583,
        0.604567289352417,
        0.5987580418586731,
        0.5993589758872986,
        0.6027644276618958,
        0.5893429517745972,
        0.6020632982254028,
        0.5994591116905212,
        0.6044671535491943
    ],
    "test_F1": [
        0.6855968832969666,
        0.6863981485366821,
        0.6839943528175354,
        0.6843949556350708,
        0.6843949556350708,
        0.6826922297477722,
        0.6889021992683411,
        0.6794871091842651,
        0.6855968832969666,
        0.683193027973175,
        0.6845952868461609,
        0.6833933591842651
    ],
    "test_crossentropy": [
        1.0748406648635864,
        1.0840758085250854,
        1.0773197412490845,
        1.0772554874420166,
        1.0762176513671875,
        1.0639909505844116,
        1.0635755062103271,
        1.085437536239624,
        1.0697858333587646,
        1.0810186862945557,
        1.066698670387268,
        1.071513295173645
    ],
    "test_top5_accuracy": [
        0.9235777258872986,
        0.9242788553237915,
        0.9225761294364929,
        0.9229767918586731,
        0.9244791865348816,
        0.9238781929016113
    ]
}