{
    "time_used_to_train (s)": [
        22849.260323762894,
        23057.787524700165,
        25154.14504146576
    ],
    "test_accuracy": [
        0.6104767918586731,
        0.6058694124221802,
        0.6126803159713745
    ],
    "test_top5_accuracy": [
        0.8820112347602844,
        0.8726963400840759,
        0.8809094429016113
    ],
    "test_precision": [
        0.6932553648948669,
        0.6800193786621094,
        0.6860339045524597
    ],
    "test_recall": [
        0.5579928159713745,
        0.5628004670143127,
        0.571213960647583
    ],
    "test_F1": [
        0.6104767322540283,
        0.6058693528175354,
        0.6126802563667297
    ],
    "test_crossentropy": [
        1.7069275379180908,
        2.0268301963806152,
        1.8476715087890625
    ]
}