{
    "time_used_to_train (s)": [
        2423.7644011974335,
        2427.538083076477,
        2417.220416545868,
        2407.3323051929474,
        2432.827359676361,
        2406.6124498844147
    ],
    "test_accuracy": [
        0.8809094429016113,
        0.8802083134651184,
        0.8812099099159241,
        0.87890625,
        0.8792067170143127,
        0.8802083134651184
    ],
    "test_precision": [
        0.915779173374176,
        0.9138979315757751,
        0.9172217845916748,
        0.915363609790802,
        0.9130245447158813,
        0.9162947535514832
    ],
    "test_recall": [
        0.8440504670143127,
        0.8430488705635071,
        0.8412460088729858,
        0.8384414911270142,
        0.8411458134651184,
        0.8431490659713745
    ],
    "test_F1": [
        0.8809093832969666,
        0.8802082538604736,
        0.8812098503112793,
        0.8789061903953552,
        0.879206657409668,
        0.8802082538604736
    ],
    "test_crossentropy": [
        0.3639363646507263,
        0.36646565794944763,
        0.365321546792984,
        0.3698698580265045,
        0.3682253658771515,
        0.36524689197540283
    ]
}