{
    "time_used_to_train (s)": [
        1855.4319286346436,
        1878.5277218818665,
        1934.0010907649994,
        1931.873526096344,
        1939.8911380767822,
        2009.1144127845764
    ],
    "test_accuracy": [
        0.8767027258872986,
        0.8814102411270142,
        0.8795071840286255,
        0.8800080418586731,
        0.8783053159713745,
        0.8786057829856873
    ],
    "test_precision": [
        0.8956124186515808,
        0.9052720069885254,
        0.9010770916938782,
        0.9021682143211365,
        0.9008895754814148,
        0.8991007804870605
    ],
    "test_recall": [
        0.8627804517745972,
        0.8633813858032227,
        0.8630809187889099,
        0.8626803159713745,
        0.8621794581413269,
        0.8612780570983887
    ],
    "test_F1": [
        0.8767026662826538,
        0.8814101815223694,
        0.8795071244239807,
        0.8800080418586731,
        0.8783052563667297,
        0.8786057233810425
    ],
    "test_crossentropy": [
        0.3568452298641205,
        0.34603503346443176,
        0.34859946370124817,
        0.34708383679389954,
        0.35174760222435,
        0.3535183072090149
    ]
}