{
    "time_used_to_train (s)": [
        177.84135460853577,
        181.55708289146423,
        175.71432423591614,
        180.75188827514648,
        181.05957770347595,
        183.52084589004517
    ],
    "test_accuracy": [
        0.8843148946762085,
        0.8860176205635071,
        0.8817107081413269,
        0.8877203464508057,
        0.8869190812110901,
        0.8882211446762085
    ],
    "test_precision": [
        0.8981814384460449,
        0.9035617709159851,
        0.8992761373519897,
        0.8974306583404541,
        0.9017424583435059,
        0.9010977745056152
    ],
    "test_recall": [
        0.8756009340286255,
        0.8689903616905212,
        0.8709936141967773,
        0.8781049847602844,
        0.8760015964508057,
        0.8797075152397156
    ],
    "test_F1": [
        0.8843148350715637,
        0.8860175609588623,
        0.8817106485366821,
        0.8877202868461609,
        0.8869190216064453,
        0.8882210850715637
    ],
    "test_crossentropy": [
        0.3528286814689636,
        0.34218740463256836,
        0.35117724537849426,
        0.36890968680381775,
        0.3493864834308624,
        0.3643129765987396
    ]
}