{
    "time_used_to_train (s)": [
        11582.11326622963,
        11771.5556473732,
        11514.246715784073
    ],
    "test_accuracy": [
        0.8743990659713745,
        0.8754006624221802,
        0.8755007982254028
    ],
    "test_precision": [
        0.8943352699279785,
        0.8951165676116943,
        0.8934775590896606
    ],
    "test_recall": [
        0.8570713400840759,
        0.8573718070983887,
        0.860276460647583
    ],
    "test_F1": [
        0.8743990659713745,
        0.8754006028175354,
        0.8755007386207581
    ],
    "test_crossentropy": [
        0.6030155420303345,
        0.37616512179374695,
        0.41280174255371094
    ]
}