{
    "time_used_to_train (s)": [
        1575.595397233963,
        1571.73655128479,
        1561.9817869663239,
        1567.1594185829163,
        1558.88015127182,
        1562.768004655838
    ],
    "test_accuracy": [
        0.8226161599159241,
        0.81640625,
        0.8192107081413269,
        0.8206129670143127,
        0.8195112347602844,
        0.8226161599159241
    ],
    "test_precision": [
        0.8722026348114014,
        0.8659653663635254,
        0.8706778883934021,
        0.870376706123352,
        0.8731657266616821,
        0.8702678084373474
    ],
    "test_recall": [
        0.7690304517745972,
        0.7668269276618958,
        0.7667267918586731,
        0.7660256624221802,
        0.7688301205635071,
        0.7713341116905212
    ],
    "test_F1": [
        0.8226161599159241,
        0.8164061903953552,
        0.8192105889320374,
        0.820612907409668,
        0.8195111751556396,
        0.8226161599159241
    ],
    "test_crossentropy": [
        0.5256450176239014,
        0.5256577730178833,
        0.5323300361633301,
        0.5325493812561035,
        0.5330614447593689,
        0.5290655493736267
    ]
}