{
    "time_used_to_train (s)": [
        1231.3339712619781
    ],
    "test_accuracy": [
        0.8202123641967773
    ],
    "test_precision": [
        0.8533505797386169
    ],
    "test_recall": [
        0.792067289352417
    ],
    "test_F1": [
        0.8202123045921326
    ],
    "test_crossentropy": [
        0.537737250328064
    ]
}