{
    "time_used_to_train (s)": [
        1553.3121016025543,
        1554.5124945640564,
        1553.3163039684296,
        1555.8492994308472,
        1558.5412364006042,
        1557.879620552063
    ],
    "test_accuracy": [
        0.827223539352417,
        0.8282251358032227,
        0.8306289911270142,
        0.8302283883094788,
        0.8309294581413269,
        0.8278245329856873
    ],
    "test_top5_accuracy": [
        0.9940905570983887,
        0.9935897588729858,
        0.9933894276618958,
        0.9943910241127014,
        0.9929887652397156,
        0.9937900900840759
    ],
    "test_precision": [
        0.876884400844574,
        0.8756598830223083,
        0.8785552978515625,
        0.8810387849807739,
        0.8750421404838562,
        0.8745217323303223
    ],
    "test_recall": [
        0.7690304517745972,
        0.7808493375778198,
        0.7796474099159241,
        0.7781450152397156,
        0.7799479365348816,
        0.7783453464508057
    ],
    "test_F1": [
        0.827223539352417,
        0.8282250761985779,
        0.8306289315223694,
        0.830228328704834,
        0.8309293985366821,
        0.8278244733810425
    ],
    "test_crossentropy": [
        0.5133663415908813,
        0.5028734803199768,
        0.49949371814727783,
        0.5024450421333313,
        0.5030348300933838,
        0.5047120451927185
    ]
}