{
    "time_used_to_train (s)": [
        19.410136938095093,
        19.44882869720459,
        19.46708583831787,
        20.233522653579712,
        20.6186306476593,
        19.301400184631348
    ],
    "test_accuracy": [
        0.9822443127632141,
        0.9879261255264282,
        0.9822443127632141,
        0.9857954382896423,
        0.9900568127632141,
        0.9872159361839294
    ],
    "test_precision": [
        0.9891930818557739,
        0.9906876683235168,
        0.9892241358757019,
        0.9892857074737549,
        0.9956958293914795,
        0.9920920133590698
    ],
    "test_recall": [
        0.9751420617103577,
        0.9822443127632141,
        0.9779829382896423,
        0.9836647510528564,
        0.9857954382896423,
        0.9801136255264282
    ],
    "test_F1": [
        0.9822442531585693,
        0.9879260659217834,
        0.9822442531585693,
        0.9857953786849976,
        0.9900567531585693,
        0.9872158765792847
    ],
    "test_crossentropy": [
        0.06981103867292404,
        0.05516967549920082,
        0.0627865418791771,
        0.05019942298531532,
        0.0507412888109684,
        0.06542240083217621
    ]
}