{
    "time_used_to_train (s)": [
        351.68874859809875,
        352.27318572998047,
        351.4335057735443,
        351.92033982276917,
        351.6446008682251,
        350.6848797798157
    ],
    "test_accuracy": [
        0.057528410106897354,
        0.057528410106897354,
        0.061789773404598236,
        0.057528410106897354,
        0.061789773404598236,
        0.057528410106897354
    ],
    "test_precision": [
        0.0,
        0.0,
        0.0,
        0.0,
        0.0,
        0.0
    ],
    "test_recall": [
        0.0,
        0.0,
        0.0,
        0.0,
        0.0,
        0.0
    ],
    "test_F1": [
        0.057528361678123474,
        0.057528361678123474,
        0.061789724975824356,
        0.057528361678123474,
        0.061789724975824356,
        0.057528361678123474
    ],
    "test_crossentropy": [
        4.06593656539917,
        4.150810718536377,
        4.150818824768066,
        4.1508002281188965,
        4.1507439613342285,
        4.150851249694824
    ]
}