{
    "time_used_to_train (s)": [
        91.89434719085693,
        92.13029503822327,
        92.4580180644989,
        92.47122621536255,
        92.26200699806213,
        92.33866119384766
    ],
    "test_accuracy": [
        0.17826704680919647,
        0.1740056872367859,
        0.18252840638160706,
        0.17258523404598236,
        0.20951704680919647,
        0.19105114042758942
    ],
    "test_precision": [
        0.0,
        0.0,
        0.0,
        0.0,
        0.0,
        0.0
    ],
    "test_recall": [
        0.0,
        0.0,
        0.0,
        0.0,
        0.0,
        0.0
    ],
    "test_F1": [
        0.1782670021057129,
        0.1740056425333023,
        0.18252836167812347,
        0.17258518934249878,
        0.2095170021057129,
        0.19105109572410583
    ],
    "test_crossentropy": [
        3.8945846557617188,
        3.899531602859497,
        3.9034414291381836,
        3.9178543090820312,
        3.9484457969665527,
        3.9151906967163086
    ]
}