{
    "time_used_to_train (s)": [
        180.8693723678589,
        180.193097114563,
        180.0672950744629,
        180.07914781570435,
        179.98993611335754,
        179.94459342956543
    ],
    "test_accuracy": [
        0.2954545319080353,
        0.2613636255264282,
        0.2592329680919647,
        0.30539771914482117,
        0.2826704680919647,
        0.27272728085517883
    ],
    "test_precision": [
        0.0,
        0.0,
        1.0,
        0.0,
        0.0,
        0.0
    ],
    "test_recall": [
        0.0,
        0.0,
        0.0007102272938936949,
        0.0,
        0.0,
        0.0
    ],
    "test_F1": [
        0.2954544723033905,
        0.26136356592178345,
        0.25923290848731995,
        0.3053976595401764,
        0.28267040848731995,
        0.27272722125053406
    ],
    "test_crossentropy": [
        3.8382604122161865,
        3.809157609939575,
        3.815063238143921,
        3.824033260345459,
        3.8050537109375,
        3.805328369140625
    ]
}