{
    "time_used_to_train (s)": [
        7.394914627075195,
        7.3563456535339355,
        7.328237533569336,
        7.356469392776489,
        7.395227909088135,
        7.341330289840698
    ],
    "test_accuracy": [
        0.7291666865348816,
        0.734375,
        0.71875,
        0.71875,
        0.71875,
        0.71875
    ],
    "test_precision": [
        0.7379679083824158,
        0.0,
        0.7301587462425232,
        0.7379679083824158,
        0.0,
        0.0
    ],
    "test_recall": [
        0.71875,
        0.0,
        0.71875,
        0.71875,
        0.0,
        0.0
    ],
    "test_F1": [
        0.7291666269302368,
        0.7343749403953552,
        0.7187499403953552,
        0.7187499403953552,
        0.7187499403953552,
        0.7187499403953552
    ],
    "test_crossentropy": [
        0.9713380336761475,
        1.4350448846817017,
        0.9541851878166199,
        0.9445822834968567,
        1.3971251249313354,
        1.3618303537368774
    ]
}