{
    "time_used_to_train (s)": [
        280.8048903942108,
        279.0612120628357,
        280.6837968826294,
        279.48923420906067,
        281.9935758113861,
        281.1883234977722
    ],
    "test_accuracy": [
        0.8295162916183472,
        0.8320847749710083,
        0.8283390402793884,
        0.8280179500579834,
        0.832619845867157,
        0.8321917653083801
    ],
    "test_precision": [
        0.8634756207466125,
        0.8664383292198181,
        0.8632670044898987,
        0.8615311980247498,
        0.8663512468338013,
        0.8645980358123779
    ],
    "test_recall": [
        0.7838184833526611,
        0.7852097749710083,
        0.7844606041908264,
        0.7803938388824463,
        0.7839255332946777,
        0.787243127822876
    ],
    "test_F1": [
        0.8295162320137024,
        0.8320847153663635,
        0.8283389806747437,
        0.8280179500579834,
        0.8326197266578674,
        0.8321917057037354
    ],
    "test_crossentropy": [
        0.4988635778427124,
        0.4844704270362854,
        0.49108776450157166,
        0.4983222186565399,
        0.483959823846817,
        0.4857271909713745
    ]
}