{
    "time_used_to_train (s)": [
        439.9431505203247,
        439.96116733551025,
        440.81379652023315,
        441.08653473854065,
        443.2300992012024,
        440.7210371494293
    ],
    "test_accuracy": [
        0.8992936611175537,
        0.8984375,
        0.9004709124565125,
        0.8994007110595703,
        0.9003638625144958,
        0.9000428318977356
    ],
    "test_precision": [
        0.907940685749054,
        0.9065195918083191,
        0.9077526926994324,
        0.9079004526138306,
        0.9078803658485413,
        0.907722532749176
    ],
    "test_recall": [
        0.8908390402793884,
        0.8883775472640991,
        0.890946090221405,
        0.8904109597206116,
        0.8901969194412231,
        0.890625
    ],
    "test_F1": [
        0.8992936015129089,
        0.8984374403953552,
        0.9004708528518677,
        0.8994006514549255,
        0.9003637433052063,
        0.900042712688446
    ],
    "test_crossentropy": [
        0.300413578748703,
        0.3013104796409607,
        0.3013608455657959,
        0.3010282516479492,
        0.3010699152946472,
        0.29988911747932434
    ]
}