{
    "time_used_to_train (s)": [
        280.8048903942108,
        279.0612120628357,
        280.6837968826294,
        279.48923420906067,
        281.9935758113861,
        281.1883234977722,
        284.2065019607544,
        283.547238111496,
        286.4674119949341,
        283.1694006919861,
        285.2103753089905,
        284.6092176437378
    ],
    "test_accuracy": [
        0.8295162916183472,
        0.8320847749710083,
        0.8283390402793884,
        0.8280179500579834,
        0.832619845867157,
        0.8321917653083801,
        0.827803909778595,
        0.828446090221405,
        0.828125,
        0.8319777250289917,
        0.8334760069847107,
        0.8321917653083801
    ],
    "test_precision": [
        0.8634756207466125,
        0.8664383292198181,
        0.8632670044898987,
        0.8615311980247498,
        0.8663512468338013,
        0.8645980358123779,
        0.8619635701179504,
        0.8622112274169922,
        0.8624038100242615,
        0.8622460961341858,
        0.8646607398986816,
        0.8633809685707092
    ],
    "test_recall": [
        0.7838184833526611,
        0.7852097749710083,
        0.7844606041908264,
        0.7803938388824463,
        0.7839255332946777,
        0.787243127822876,
        0.784567654132843,
        0.7828553318977356,
        0.779430627822876,
        0.7904537916183472,
        0.784246563911438,
        0.7892765402793884
    ],
    "test_F1": [
        0.8295162320137024,
        0.8320847153663635,
        0.8283389806747437,
        0.8280179500579834,
        0.8326197266578674,
        0.8321917057037354,
        0.827803909778595,
        0.8284460306167603,
        0.8281249403953552,
        0.8319776654243469,
        0.8334759473800659,
        0.8321917057037354
    ],
    "test_crossentropy": [
        0.4988635778427124,
        0.4844704270362854,
        0.49108776450157166,
        0.4983222186565399,
        0.483959823846817,
        0.4857271909713745,
        0.4921022653579712,
        0.4916635751724243,
        0.49402952194213867,
        0.4803656041622162,
        0.4846031367778778,
        0.48292917013168335
    ],
    "test_top5_accuracy": [
        0.9992508292198181,
        0.9995719194412231,
        0.999678909778595,
        0.9994648694992065,
        0.9995719194412231,
        0.999678909778595
    ]
}