{
    "time_used_to_train (s)": [
        89.70336723327637,
        85.24016642570496,
        85.44199180603027,
        86.04711413383484,
        85.39236187934875,
        86.40474128723145,
        91.2815294265747,
        87.01207494735718,
        86.50128197669983,
        86.4176561832428
    ],
    "test_accuracy": [
        0.8777825236320496,
        0.8743578791618347,
        0.875,
        0.8732876777648926,
        0.8782106041908264,
        0.8751070499420166,
        0.8755351305007935,
        0.8770334124565125,
        0.8770334124565125,
        0.8772474527359009
    ],
    "test_precision": [
        0.8919158577919006,
        0.8905710577964783,
        0.8900964856147766,
        0.8876441717147827,
        0.8917303085327148,
        0.8898370862007141,
        0.8902696371078491,
        0.8896376490592957,
        0.8920302987098694,
        0.8926905393600464
    ],
    "test_recall": [
        0.8619434833526611,
        0.8561643958091736,
        0.8589469194412231,
        0.8564854264259338,
        0.8620505332946777,
        0.8592679500579834,
        0.8587328791618347,
        0.8618364930152893,
        0.8576626777648926,
        0.8600171208381653
    ],
    "test_F1": [
        0.8777824640274048,
        0.8743578195571899,
        0.8749999403953552,
        0.8732876181602478,
        0.8782105445861816,
        0.8751069903373718,
        0.8755350708961487,
        0.8770333528518677,
        0.8770333528518677,
        0.8772473931312561
    ],
    "test_crossentropy": [
        0.36562395095825195,
        0.37070363759994507,
        0.3724636733531952,
        0.3712943494319916,
        0.3668222725391388,
        0.3691546320915222,
        0.3701320290565491,
        0.36848196387290955,
        0.3699217736721039,
        0.3674457371234894
    ]
}