{
    "time_used_to_train (s)": [
        129.8360755443573,
        130.56674361228943,
        130.0469264984131,
        130.11879014968872,
        130.9157693386078,
        130.7495276927948,
        130.92126297950745,
        130.6919882297516,
        130.5159411430359,
        137.50015711784363
    ],
    "test_accuracy": [
        0.834439218044281,
        0.8372217416763306,
        0.8387200236320496,
        0.8355094194412231,
        0.8351883292198181,
        0.8351883292198181,
        0.8366866707801819,
        0.8345462083816528,
        0.8365796208381653,
        0.8365796208381653
    ],
    "test_precision": [
        0.8732125759124756,
        0.8769761323928833,
        0.8723304271697998,
        0.8711461424827576,
        0.8729857802391052,
        0.8718462586402893,
        0.87619948387146,
        0.8719792366027832,
        0.8746745586395264,
        0.8727251291275024
    ],
    "test_recall": [
        0.784246563911438,
        0.7895976305007935,
        0.7955907583236694,
        0.7922731041908264,
        0.7885273694992065,
        0.7914169430732727,
        0.7915239930152893,
        0.7916309833526611,
        0.7909888625144958,
        0.7903467416763306
    ],
    "test_F1": [
        0.8344391584396362,
        0.8372216820716858,
        0.8387199640274048,
        0.8355093598365784,
        0.8351882696151733,
        0.8351882696151733,
        0.8366866111755371,
        0.8345462083816528,
        0.8365795612335205,
        0.8365795612335205
    ],
    "test_crossentropy": [
        0.48864197731018066,
        0.4814172387123108,
        0.4780939221382141,
        0.4818611145019531,
        0.48589131236076355,
        0.48419758677482605,
        0.4809874892234802,
        0.48200932145118713,
        0.47959768772125244,
        0.4839618504047394
    ]
}