{
    "time_used_to_train (s)": [
        47.28972506523132,
        47.50452637672424,
        49.01180958747864,
        48.840559005737305,
        47.82950234413147,
        49.05159068107605,
        46.99842596054077,
        46.95958423614502,
        47.08519506454468,
        47.774364948272705,
        47.395790576934814,
        48.03311252593994
    ],
    "test_accuracy": [
        0.8126070499420166,
        0.814319372177124,
        0.8111087083816528,
        0.8167808055877686,
        0.812821090221405,
        0.8120719194412231,
        0.815496563911438,
        0.817315936088562,
        0.8130351305007935,
        0.8172088861465454,
        0.8156036138534546,
        0.8105736374855042
    ],
    "test_top5_accuracy": [
        0.9991438388824463,
        0.9990367889404297,
        0.9989297986030579,
        0.9995719194412231,
        0.9994648694992065,
        0.9993578791618347,
        0.9994648694992065,
        0.9995719194412231,
        0.9990367889404297,
        0.9992508292198181,
        0.9993578791618347,
        0.9989297986030579
    ],
    "test_precision": [
        0.8588650822639465,
        0.8620141744613647,
        0.8583659529685974,
        0.8649210929870605,
        0.8610156774520874,
        0.8586810231208801,
        0.861879825592041,
        0.8622915148735046,
        0.8600000143051147,
        0.8624544143676758,
        0.8608284592628479,
        0.8578928112983704
    ],
    "test_recall": [
        0.754815936088562,
        0.754815936088562,
        0.7510702013969421,
        0.7565282583236694,
        0.7511772513389587,
        0.7510702013969421,
        0.7566352486610413,
        0.7579195499420166,
        0.7547088861465454,
        0.759631872177124,
        0.7605950236320496,
        0.7520334124565125
    ],
    "test_F1": [
        0.8126069903373718,
        0.8143193125724792,
        0.8111086487770081,
        0.8167807459831238,
        0.8128210306167603,
        0.8120718598365784,
        0.8154965043067932,
        0.8173158764839172,
        0.8130350708961487,
        0.8172088265419006,
        0.8156035542488098,
        0.8105735778808594
    ],
    "test_crossentropy": [
        0.5431270003318787,
        0.5438879132270813,
        0.550563633441925,
        0.5388903617858887,
        0.5456135869026184,
        0.5511172413825989,
        0.5368802547454834,
        0.5357587337493896,
        0.5432168245315552,
        0.5351015329360962,
        0.5344486236572266,
        0.5554420351982117
    ]
}