{
    "time_used_to_train (s)": [
        91.24497056007385
    ],
    "test_accuracy": [
        0.862692654132843
    ],
    "test_precision": [
        0.8803619146347046
    ],
    "test_recall": [
        0.843428909778595
    ],
    "test_F1": [
        0.8626925945281982
    ],
    "test_crossentropy": [
        0.40379810333251953
    ]
}