{
    "time_used_to_train (s)": [
        348.62167143821716,
        355.28533244132996,
        351.1035108566284,
        336.2270917892456,
        340.0955090522766,
        336.9653961658478,
        335.6549470424652,
        336.7353866100311,
        336.5494644641876,
        338.1303930282593
    ],
    "test_accuracy": [
        0.8727525472640991,
        0.8676155805587769,
        0.876498281955719,
        0.8694349527359009,
        0.8787457346916199,
        0.8654751777648926,
        0.8758561611175537,
        0.8745719194412231,
        0.8665453791618347,
        0.8711472749710083
    ],
    "test_top5_accuracy": [
        0.9992508292198181,
        0.9991438388824463,
        0.9995719194412231,
        0.9994648694992065,
        0.9995719194412231,
        0.9992508292198181,
        0.9993578791618347,
        0.9992508292198181,
        0.9998929500579834,
        0.9997859597206116
    ],
    "test_precision": [
        0.8993958830833435,
        0.9031057357788086,
        0.8979591727256775,
        0.902085542678833,
        0.9069821834564209,
        0.9017846584320068,
        0.9045102000236511,
        0.8992822170257568,
        0.895954430103302,
        0.901250422000885
    ],
    "test_recall": [
        0.8285530805587769,
        0.8309075236320496,
        0.8381849527359009,
        0.8193492889404297,
        0.8327268958091736,
        0.8165667653083801,
        0.8241652250289917,
        0.8313356041908264,
        0.824807345867157,
        0.8253424763679504
    ],
    "test_F1": [
        0.8727524876594543,
        0.8676155209541321,
        0.8764982223510742,
        0.8694348931312561,
        0.8787456750869751,
        0.8654751181602478,
        0.8758561015129089,
        0.8745718598365784,
        0.8665452599525452,
        0.8711472749710083
    ],
    "test_crossentropy": [
        0.41691285371780396,
        0.4187237620353699,
        0.40741127729415894,
        0.41692471504211426,
        0.40609535574913025,
        0.4494261145591736,
        0.4249672293663025,
        0.4223913550376892,
        0.415359765291214,
        0.40665915608406067
    ]
}