{
    "time_used_to_train (s)": [
        89.70336723327637
    ],
    "test_accuracy": [
        0.8777825236320496
    ],
    "test_precision": [
        0.8919158577919006
    ],
    "test_recall": [
        0.8619434833526611
    ],
    "test_F1": [
        0.8777824640274048
    ],
    "test_crossentropy": [
        0.36562395095825195
    ]
}