{
    "time_used_to_train (s)": [
        980.8683950901031,
        982.6507506370544,
        982.7050139904022,
        983.3602073192596,
        982.5854351520538,
        985.9642252922058
    ],
    "test_accuracy": [
        0.2660256326198578,
        0.26832932233810425,
        0.2484975904226303,
        0.24829727411270142,
        0.25570914149284363,
        0.25831329822540283
    ],
    "test_precision": [
        0.0,
        0.0,
        0.0,
        0.0,
        0.0,
        0.0
    ],
    "test_recall": [
        0.0,
        0.0,
        0.0,
        0.0,
        0.0,
        0.0
    ],
    "test_F1": [
        0.266025573015213,
        0.2683292627334595,
        0.24849754571914673,
        0.24829722940921783,
        0.25570908188819885,
        0.25831323862075806
    ],
    "test_crossentropy": [
        3.295588254928589,
        3.3411359786987305,
        3.335679292678833,
        3.308175802230835,
        3.3062713146209717,
        3.3057758808135986
    ]
}