{
    "time_used_to_train (s)": [
        1535.6112625598907,
        1536.2960939407349,
        1542.3936684131622,
        1537.613617181778,
        1537.1424412727356
    ],
    "test_accuracy": [
        0.6612580418586731,
        0.6570512652397156,
        0.6626602411270142,
        0.6620593070983887,
        0.6598557829856873
    ],
    "test_top5_accuracy": [
        0.9115585088729858,
        0.91015625,
        0.909254789352417,
        0.9115585088729858,
        0.9102563858032227
    ],
    "test_precision": [
        0.8903661370277405,
        0.8915460705757141,
        0.8863729238510132,
        0.8847174048423767,
        0.8875897526741028
    ],
    "test_recall": [
        0.4359976053237915,
        0.42568108439445496,
        0.43519631028175354,
        0.4342948794364929,
        0.4333934187889099
    ],
    "test_F1": [
        0.6612579822540283,
        0.6570512056350708,
        0.6626601815223694,
        0.6620592474937439,
        0.6598557233810425
    ],
    "test_crossentropy": [
        1.2600699663162231,
        1.2805463075637817,
        1.2616757154464722,
        1.259040355682373,
        1.2628144025802612
    ]
}