{
    "time_used_to_train (s)": [
        1545.4796931743622,
        1539.6263191699982,
        1541.42200756073,
        1542.755196094513,
        1543.9563302993774,
        1543.8577449321747,
        1543.8266353607178,
        1546.150690793991,
        1546.8010640144348,
        1546.7894706726074
    ],
    "test_accuracy": [
        0.7084335088729858,
        0.7081330418586731,
        0.7095352411270142,
        0.7105368375778198,
        0.7075320482254028,
        0.7086338400840759,
        0.7102363705635071,
        0.707932710647583,
        0.7084335088729858,
        0.7080328464508057
    ],
    "test_precision": [
        0.8521462678909302,
        0.8554930090904236,
        0.8553087115287781,
        0.8546897768974304,
        0.8535565137863159,
        0.8566473722457886,
        0.8575140833854675,
        0.8563960790634155,
        0.8557400703430176,
        0.8577247858047485
    ],
    "test_recall": [
        0.5905448794364929,
        0.5935496687889099,
        0.5938501358032227,
        0.5932492017745972,
        0.5925480723381042,
        0.59375,
        0.5949519276618958,
        0.590745210647583,
        0.5935496687889099,
        0.5905448794364929
    ],
    "test_F1": [
        0.7084334492683411,
        0.7081329822540283,
        0.7095351815223694,
        0.710536777973175,
        0.7075319886207581,
        0.7086337804794312,
        0.7102363109588623,
        0.7079326510429382,
        0.7084334492683411,
        0.7080327868461609
    ],
    "test_crossentropy": [
        1.0010935068130493,
        1.0012438297271729,
        0.9999603629112244,
        0.9966377019882202,
        1.000183343887329,
        1.0010628700256348,
        0.9969242811203003,
        1.0033938884735107,
        0.9975507855415344,
        1.0022324323654175
    ]
}