{
    "time_used_to_train (s)": [
        1532.628386259079,
        1530.7028739452362,
        1535.1273186206818,
        1533.7866094112396,
        1531.949806690216,
        1537.3518900871277
    ],
    "test_accuracy": [
        0.7004206776618958,
        0.7021234035491943,
        0.6981169581413269,
        0.6953125,
        0.7004206776618958,
        0.6985176205635071
    ],
    "test_precision": [
        0.8617069721221924,
        0.8654196858406067,
        0.8568174839019775,
        0.8600892424583435,
        0.8620373010635376,
        0.8642659187316895
    ],
    "test_recall": [
        0.567307710647583,
        0.5700120329856873,
        0.5652043223381042,
        0.5596955418586731,
        0.5645031929016113,
        0.5625
    ],
    "test_F1": [
        0.700420618057251,
        0.7021233439445496,
        0.6981168985366821,
        0.6953124403953552,
        0.700420618057251,
        0.6985175609588623
    ],
    "test_crossentropy": [
        1.0403205156326294,
        1.037398099899292,
        1.0420469045639038,
        1.0500614643096924,
        1.0400010347366333,
        1.0467835664749146
    ]
}