{
    "time_used_to_train (s)": [
        5398.7393181324005,
        5430.553310394287,
        5435.454825162888,
        5311.427842617035
    ],
    "test_accuracy": [
        0.7720999717712402,
        0.777999997138977,
        0.7774999737739563,
        0.7730000019073486
    ],
    "test_precision": [
        0.8189327716827393,
        0.8209202289581299,
        0.8210689425468445,
        0.8194506168365479
    ],
    "test_recall": [
        0.7336000204086304,
        0.7440000176429749,
        0.7419999837875366,
        0.739799976348877
    ],
    "test_F1": [
        0.7720999121665955,
        0.7779999375343323,
        0.7774999141693115,
        0.7729999423027039
    ],
    "test_crossentropy": [
        0.6823338866233826,
        0.667533278465271,
        0.6656555533409119,
        0.6820464730262756
    ],
    "test_top5_accuracy": [
        0.9842000007629395,
        0.9854999780654907
    ]
}