{
    "time_used_to_train (s)": [
        6285.04341006279,
        6195.493664741516,
        6942.933615922928,
        9337.464187383652,
        3222.05287194252,
        3750.600150346756,
        4576.585868835449,
        5420.780273914337
    ],
    "test_accuracy": [
        0.7705000042915344,
        0.7803000211715698,
        0.7818999886512756,
        0.7724999785423279,
        0.7106000185012817,
        0.7146999835968018,
        0.7172999978065491,
        0.7031000256538391
    ],
    "test_precision": [
        0.8266682028770447,
        0.8338810205459595,
        0.8335593342781067,
        0.8243979811668396,
        0.7553382515907288,
        0.7804591059684753,
        0.7637331485748291,
        0.7707439064979553
    ],
    "test_recall": [
        0.7235000133514404,
        0.7358999848365784,
        0.7376999855041504,
        0.7257999777793884,
        0.6721000075340271,
        0.6629999876022339,
        0.6743000149726868,
        0.6464999914169312
    ],
    "test_F1": [
        0.7704999446868896,
        0.780299961566925,
        0.7818999290466309,
        0.7724999189376831,
        0.710599958896637,
        0.714699923992157,
        0.7172999382019043,
        0.7030999660491943
    ],
    "test_crossentropy": [
        0.6729989647865295,
        0.6550325751304626,
        0.6412542462348938,
        0.6624420881271362,
        0.9450069069862366,
        0.8511064648628235,
        0.89959716796875,
        0.8660614490509033
    ],
    "test_top5_accuracy": [
        0.973800003528595,
        0.9765999913215637,
        0.9751999974250793,
        0.9778000116348267
    ]
}