{
    "time_used_to_train (s)": [
        6147.912489652634,
        6545.305983304977,
        8935.849779129028,
        6200.351413011551,
        6835.333147764206
    ],
    "test_accuracy": [
        0.7854999899864197,
        0.7748000025749207,
        0.7731000185012817,
        0.7735999822616577,
        0.7720000147819519
    ],
    "test_top5_accuracy": [
        0.9850999712944031,
        0.9854000210762024,
        0.984499990940094,
        0.9868000149726868,
        0.9836999773979187
    ],
    "test_precision": [
        0.8327525854110718,
        0.8284252285957336,
        0.8323002457618713,
        0.8280733823776245,
        0.828000009059906
    ],
    "test_recall": [
        0.7408999800682068,
        0.728600025177002,
        0.7250999808311462,
        0.7268000245094299,
        0.7245000004768372
    ],
    "test_F1": [
        0.7854999303817749,
        0.7747999429702759,
        0.7731000185012817,
        0.7735999226570129,
        0.7719999551773071
    ],
    "test_crossentropy": [
        0.6505013704299927,
        0.6616570949554443,
        0.6643974781036377,
        0.6657421588897705,
        0.6711710095405579
    ]
}