{
    "time_used_to_train (s)": [
        6285.04341006279,
        6195.493664741516,
        6942.933615922928,
        9337.464187383652
    ],
    "test_accuracy": [
        0.7705000042915344,
        0.7803000211715698,
        0.7818999886512756,
        0.7724999785423279
    ],
    "test_precision": [
        0.8266682028770447,
        0.8338810205459595,
        0.8335593342781067,
        0.8243979811668396
    ],
    "test_recall": [
        0.7235000133514404,
        0.7358999848365784,
        0.7376999855041504,
        0.7257999777793884
    ],
    "test_F1": [
        0.7704999446868896,
        0.780299961566925,
        0.7818999290466309,
        0.7724999189376831
    ],
    "test_crossentropy": [
        0.6729989647865295,
        0.6550325751304626,
        0.6412542462348938,
        0.6624420881271362
    ]
}