{
    "time_used_to_train (s)": [
        4106.133826255798,
        4020.302674293518,
        4171.464907646179
    ],
    "test_accuracy": [
        0.7597000002861023,
        0.7576000094413757,
        0.7577000260353088
    ],
    "test_top5_accuracy": [
        0.9829000234603882,
        0.9824000000953674,
        0.9804999828338623
    ],
    "test_precision": [
        0.8214744925498962,
        0.8211239576339722,
        0.8255374431610107
    ],
    "test_recall": [
        0.7031000256538391,
        0.7027999758720398,
        0.6988999843597412
    ],
    "test_F1": [
        0.7596999406814575,
        0.7576000094413757,
        0.7576999664306641
    ],
    "test_crossentropy": [
        0.7029146552085876,
        0.7113141417503357,
        0.7205552458763123
    ]
}