{
    "time_used_to_train (s)": [
        5398.7393181324005,
        5430.553310394287
    ],
    "test_accuracy": [
        0.7720999717712402,
        0.777999997138977
    ],
    "test_precision": [
        0.8189327716827393,
        0.8209202289581299
    ],
    "test_recall": [
        0.7336000204086304,
        0.7440000176429749
    ],
    "test_F1": [
        0.7720999121665955,
        0.7779999375343323
    ],
    "test_crossentropy": [
        0.6823338866233826,
        0.667533278465271
    ]
}