{
    "time_used_to_train (s)": [
        3643.102280855179,
        3635.9661490917206,
        3646.9893991947174,
        3668.7571976184845,
        3692.8250057697296
    ],
    "test_accuracy": [
        0.7696999907493591,
        0.7688999772071838,
        0.7694000005722046,
        0.76910001039505,
        0.7664999961853027
    ],
    "test_top5_accuracy": [
        0.9840999841690063,
        0.9855999946594238,
        0.984000027179718,
        0.986299991607666,
        0.9825999736785889
    ],
    "test_precision": [
        0.8297027349472046,
        0.8244292140007019,
        0.8259530067443848,
        0.8233291506767273,
        0.8218181729316711
    ],
    "test_recall": [
        0.7312999963760376,
        0.7221999764442444,
        0.7236999869346619,
        0.725600004196167,
        0.7232000231742859
    ],
    "test_F1": [
        0.7696999907493591,
        0.7688998579978943,
        0.7693999409675598,
        0.7690999507904053,
        0.7664999961853027
    ],
    "test_crossentropy": [
        0.6751677989959717,
        0.672921895980835,
        0.6756272315979004,
        0.6721071600914001,
        0.6795380711555481
    ]
}