{
    "time_used_to_train (s)": [
        6541.2066032886505,
        6523.933932304382,
        6597.946897745132
    ],
    "test_accuracy": [
        0.7804999947547913,
        0.7810999751091003,
        0.7849000096321106
    ],
    "test_top5_accuracy": [
        0.9868999719619751,
        0.9848999977111816,
        0.9850000143051147
    ],
    "test_precision": [
        0.8421723246574402,
        0.8427730798721313,
        0.8445266485214233
    ],
    "test_recall": [
        0.7272999882698059,
        0.7305999994277954,
        0.7305999994277954
    ],
    "test_F1": [
        0.7804998755455017,
        0.7810999751091003,
        0.7848999500274658
    ],
    "test_crossentropy": [
        0.6333248019218445,
        0.6363800168037415,
        0.6401312351226807
    ]
}