{
    "time_used_to_train (s)": [
        43.86714053153992,
        44.05971622467041,
        44.17494511604309,
        43.959957122802734,
        44.1275053024292,
        44.16162467002869,
        44.21031475067139,
        43.856350898742676,
        44.04975628852844,
        43.92786765098572
    ],
    "test_accuracy": [
        0.4708806872367859,
        0.47727271914482117,
        0.4808238744735718,
        0.4573863744735718,
        0.45596590638160706,
        0.4651988744735718,
        0.4488636255264282,
        0.4651988744735718,
        0.4829545319080353,
        0.4829545319080353
    ],
    "test_precision": [
        0.0,
        1.0,
        0.0,
        0.0,
        0.0,
        0.0,
        0.0,
        0.0,
        0.0,
        0.0
    ],
    "test_recall": [
        0.0,
        0.0035511364694684744,
        0.0,
        0.0,
        0.0,
        0.0,
        0.0,
        0.0,
        0.0,
        0.0
    ],
    "test_F1": [
        0.4708806276321411,
        0.4772726595401764,
        0.480823814868927,
        0.457386314868927,
        0.4559658467769623,
        0.465198814868927,
        0.44886356592178345,
        0.465198814868927,
        0.4829544723033905,
        0.4829544723033905
    ],
    "test_crossentropy": [
        3.34375,
        3.3740084171295166,
        3.386871576309204,
        3.316894292831421,
        3.3579986095428467,
        3.3550703525543213,
        3.3541605472564697,
        3.3872392177581787,
        3.3750014305114746,
        3.3906545639038086
    ]
}