{
    "time_used_to_train (s)": [
        4.329492092132568,
        4.294182777404785,
        4.327992677688599,
        4.353908538818359,
        4.309056520462036,
        4.282241582870483,
        4.3040502071380615,
        4.273284196853638,
        4.27308201789856,
        4.37295937538147
    ],
    "test_accuracy": [
        0.9673295617103577,
        0.9644886255264282,
        0.9680397510528564,
        0.9680397510528564,
        0.9644886255264282,
        0.9651988744735718,
        0.96875,
        0.9694602489471436,
        0.9659090638160706,
        0.9623579382896423
    ],
    "test_precision": [
        0.9837638139724731,
        0.9801762104034424,
        0.9859778881072998,
        0.9823788404464722,
        0.9821958541870117,
        0.9770540595054626,
        0.9816715717315674,
        0.9837877750396729,
        0.9794570803642273,
        0.9815225601196289
    ],
    "test_recall": [
        0.9467329382896423,
        0.9481534361839294,
        0.9488636255264282,
        0.9502840638160706,
        0.9403409361839294,
        0.9375,
        0.9509943127632141,
        0.9481534361839294,
        0.9481534361839294,
        0.9431818127632141
    ],
    "test_F1": [
        0.9673295021057129,
        0.9644885659217834,
        0.9680396914482117,
        0.9680396914482117,
        0.9644885659217834,
        0.965198814868927,
        0.9687499403953552,
        0.9694601893424988,
        0.9659090042114258,
        0.9623578786849976
    ],
    "test_crossentropy": [
        0.16779182851314545,
        0.1595972627401352,
        0.16305555403232574,
        0.16042375564575195,
        0.1713888794183731,
        0.17935575544834137,
        0.15564599633216858,
        0.1609554886817932,
        0.16208697855472565,
        0.16516390442848206
    ]
}