{
    "time_used_to_train (s)": [
        213.91377973556519,
        211.47237181663513,
        213.2738173007965,
        216.01910495758057
    ],
    "test_accuracy": [
        0.8678977489471436,
        0.8586647510528564,
        0.8330965638160706,
        0.8579545617103577
    ],
    "test_precision": [
        0.926948070526123,
        0.9164639115333557,
        0.9135494828224182,
        0.9222756624221802
    ],
    "test_recall": [
        0.8110795617103577,
        0.8025568127632141,
        0.7805397510528564,
        0.8174715638160706
    ],
    "test_F1": [
        0.8678976893424988,
        0.8586646914482117,
        0.8330965042114258,
        0.8579545021057129
    ],
    "test_crossentropy": [
        0.5091022849082947,
        0.5206267833709717,
        0.5983566641807556,
        0.5423778891563416
    ]
}