{
    "time_used_to_train (s)": [
        636.4663379192352,
        642.5924167633057,
        640.0060932636261,
        638.6554419994354,
        643.8675651550293,
        637.3617615699768,
        634.858823299408,
        638.9161891937256,
        640.8861804008484,
        639.529021024704
    ],
    "test_accuracy": [
        0.9836647510528564,
        0.9786931872367859,
        0.9801136255264282,
        0.9794034361839294,
        0.9815340638160706,
        0.9836647510528564,
        0.9808238744735718,
        0.9808238744735718,
        0.9822443127632141,
        0.9822443127632141
    ],
    "test_top5_accuracy": [
        0.9985795617103577,
        0.9978693127632141,
        0.9985795617103577,
        0.9985795617103577,
        0.9985795617103577,
        0.9985795617103577,
        0.9985795617103577,
        0.9978693127632141,
        0.9978693127632141,
        0.9985795617103577
    ],
    "test_precision": [
        0.9976133704185486,
        0.9967974424362183,
        0.9928571581840515,
        0.9968051314353943,
        0.9951768517494202,
        0.9952114820480347,
        0.9936356544494629,
        0.9951768517494202,
        0.9968051314353943,
        0.9952267408370972
    ],
    "test_recall": [
        0.890625,
        0.8842329382896423,
        0.8884943127632141,
        0.8863636255264282,
        0.8792613744735718,
        0.8856534361839294,
        0.8870738744735718,
        0.8792613744735718,
        0.8863636255264282,
        0.8884943127632141
    ],
    "test_F1": [
        0.9836646914482117,
        0.9786931276321411,
        0.9801135659217834,
        0.9794033765792847,
        0.9815340042114258,
        0.9836646914482117,
        0.980823814868927,
        0.980823814868927,
        0.9822442531585693,
        0.9822442531585693
    ],
    "test_crossentropy": [
        0.2794882357120514,
        0.2987918555736542,
        0.3050127327442169,
        0.2956060767173767,
        0.2978350818157196,
        0.29577162861824036,
        0.2912648022174835,
        0.30001071095466614,
        0.30423036217689514,
        0.2878573536872864
    ]
}