{
    "time_used_to_train (s)": [
        22.786184310913086,
        22.794039964675903,
        22.80127787590027,
        22.864355325698853,
        22.895151376724243,
        22.98675012588501,
        22.968400478363037,
        22.861587285995483,
        22.96899175643921,
        22.969151496887207
    ],
    "test_accuracy": [
        0.3629261255264282,
        0.3657670319080353,
        0.3338068127632141,
        0.39772728085517883,
        0.34659090638160706,
        0.3259943127632141,
        0.3125,
        0.2982954680919647,
        0.3792613744735718,
        0.2982954680919647
    ],
    "test_precision": [
        0.0,
        0.0,
        0.0,
        0.0,
        0.0,
        0.0,
        0.0,
        0.0,
        0.0,
        0.0
    ],
    "test_recall": [
        0.0,
        0.0,
        0.0,
        0.0,
        0.0,
        0.0,
        0.0,
        0.0,
        0.0,
        0.0
    ],
    "test_F1": [
        0.36292606592178345,
        0.3657669425010681,
        0.33380675315856934,
        0.39772722125053406,
        0.3465908467769623,
        0.32599425315856934,
        0.3124999403953552,
        0.29829540848731995,
        0.379261314868927,
        0.29829540848731995
    ],
    "test_crossentropy": [
        3.573011875152588,
        3.5715620517730713,
        3.573072671890259,
        3.5785486698150635,
        3.6467225551605225,
        3.63124680519104,
        3.577491044998169,
        3.559589385986328,
        3.59256911277771,
        3.591482400894165
    ]
}