{
    "time_used_to_train (s)": [
        3993.921366214752,
        4004.666295528412,
        4085.9822092056274,
        4259.056184053421,
        4570.716736793518,
        5183.915176391602
    ],
    "test_accuracy": [
        0.659254789352417,
        0.6621594429016113,
        0.6559495329856873,
        0.6579527258872986,
        0.6612580418586731,
        0.6583533883094788
    ],
    "test_top5_accuracy": [
        0.9080528616905212,
        0.9102563858032227,
        0.9126602411270142,
        0.9117588400840759,
        0.91015625,
        0.9097555875778198
    ],
    "test_precision": [
        0.779036819934845,
        0.7932471632957458,
        0.7850762605667114,
        0.7890073657035828,
        0.7999430298805237,
        0.7838060259819031
    ],
    "test_recall": [
        0.5784254670143127,
        0.5718148946762085,
        0.5722155570983887,
        0.5708132982254028,
        0.5627003312110901,
        0.5730168223381042
    ],
    "test_F1": [
        0.6592547297477722,
        0.6621593832969666,
        0.6559494733810425,
        0.6579526662826538,
        0.6612579822540283,
        0.658353328704834
    ],
    "test_crossentropy": [
        1.1969250440597534,
        1.1819335222244263,
        1.1818946599960327,
        1.174755334854126,
        1.1693090200424194,
        1.1878631114959717
    ]
}