{
    "time_used_to_train (s)": [
        310.83686876296997,
        312.1410274505615,
        306.90240359306335,
        306.62427830696106,
        304.5370264053345,
        304.4263069629669,
        303.01085805892944,
        304.23739790916443,
        304.57122826576233,
        395.0582265853882,
        394.24147295951843,
        396.24986743927
    ],
    "test_accuracy": [
        0.6444311141967773,
        0.6375200152397156,
        0.6417267918586731,
        0.6410256624221802,
        0.6369190812110901,
        0.6450320482254028,
        0.64453125,
        0.6427283883094788,
        0.6422275900840759,
        0.6403245329856873,
        0.6403245329856873,
        0.6444311141967773
    ],
    "test_precision": [
        0.8403183221817017,
        0.8343288898468018,
        0.8398100733757019,
        0.8350280523300171,
        0.8356481194496155,
        0.8421894311904907,
        0.8420132994651794,
        0.8351609706878662,
        0.8357868790626526,
        0.8421145081520081,
        0.8365113139152527,
        0.8362706899642944
    ],
    "test_recall": [
        0.4759615361690521,
        0.4756610691547394,
        0.47836539149284363,
        0.47706329822540283,
        0.4700520932674408,
        0.47465944290161133,
        0.48257210850715637,
        0.47295671701431274,
        0.4776642620563507,
        0.47866585850715637,
        0.47455930709838867,
        0.4752604067325592
    ],
    "test_F1": [
        0.6444310545921326,
        0.6375199556350708,
        0.6417267322540283,
        0.6410256028175354,
        0.6369190216064453,
        0.6450319886207581,
        0.6445311903953552,
        0.642728328704834,
        0.6422275304794312,
        0.6403244733810425,
        0.6403244733810425,
        0.6444310545921326
    ],
    "test_crossentropy": [
        1.244012713432312,
        1.2436134815216064,
        1.2443790435791016,
        1.2430078983306885,
        1.2531325817108154,
        1.2395446300506592,
        1.2359648942947388,
        1.240980863571167,
        1.2388012409210205,
        1.238332748413086,
        1.242295503616333,
        1.244560956954956
    ],
    "test_top5_accuracy": [
        0.9066506624221802,
        0.9051482081413269,
        0.905348539352417
    ]
}