{
    "time_used_to_train (s)": [
        3965.8089351654053,
        3984.327725172043,
        4062.9914166927338,
        4191.073960065842,
        4505.627522230148,
        5029.9685933589935
    ],
    "test_accuracy": [
        0.6643629670143127,
        0.6648637652397156,
        0.6624599099159241,
        0.6658653616905212,
        0.6608573794364929,
        0.6635617017745972
    ],
    "test_top5_accuracy": [
        0.9152644276618958,
        0.9162660241127014,
        0.9140625,
        0.9141626358032227,
        0.9133613705635071,
        0.9141626358032227
    ],
    "test_precision": [
        0.8022133708000183,
        0.8127820491790771,
        0.8048226833343506,
        0.802081823348999,
        0.8045710921287537,
        0.7969684600830078
    ],
    "test_recall": [
        0.5663061141967773,
        0.5591946840286255,
        0.5683093070983887,
        0.563401460647583,
        0.5570913553237915,
        0.5740184187889099
    ],
    "test_F1": [
        0.664362907409668,
        0.6648637056350708,
        0.6624598503112793,
        0.6658653020858765,
        0.6608573198318481,
        0.6635616421699524
    ],
    "test_crossentropy": [
        1.1434508562088013,
        1.1409924030303955,
        1.1492286920547485,
        1.1483725309371948,
        1.151172399520874,
        1.1509076356887817
    ]
}