{
    "time_used_to_train (s)": [
        4064.74933052063,
        4139.47748875618,
        4276.111506223679,
        4600.156086683273,
        5148.591385602951,
        5972.875415325165
    ],
    "test_accuracy": [
        0.6440304517745972,
        0.653245210647583,
        0.65625,
        0.6464343070983887,
        0.65234375,
        0.6552484035491943
    ],
    "test_top5_accuracy": [
        0.9052484035491943,
        0.9089543223381042,
        0.9064503312110901,
        0.9054487347602844,
        0.9068509340286255,
        0.9059495329856873
    ],
    "test_precision": [
        0.8141774535179138,
        0.8192528486251831,
        0.8157567977905273,
        0.8123153448104858,
        0.8188655376434326,
        0.8204081654548645
    ],
    "test_recall": [
        0.516526460647583,
        0.5293469429016113,
        0.5268429517745972,
        0.5232371687889099,
        0.5234375,
        0.5234375
    ],
    "test_F1": [
        0.6440303921699524,
        0.6532451510429382,
        0.6562499403953552,
        0.6464342474937439,
        0.6523436903953552,
        0.6552483439445496
    ],
    "test_crossentropy": [
        1.2074159383773804,
        1.1885210275650024,
        1.1868422031402588,
        1.2006990909576416,
        1.1969658136367798,
        1.1954327821731567
    ]
}