{
    "time_used_to_train (s)": [
        488.45743775367737,
        489.637836933136,
        490.2822024822235,
        490.97251868247986,
        493.0890312194824,
        492.4275426864624
    ],
    "test_accuracy": [
        0.31760817766189575,
        0.3072916567325592,
        0.3033854067325592,
        0.31390222907066345,
        0.31069710850715637,
        0.3134014308452606
    ],
    "test_top5_accuracy": [
        0.6749799847602844,
        0.6681690812110901,
        0.6733773946762085,
        0.6714743375778198,
        0.6707732081413269,
        0.6734775900840759
    ],
    "test_precision": [
        0.8518518805503845,
        0.8399999737739563,
        0.9583333134651184,
        0.8709677457809448,
        0.75,
        0.8500000238418579
    ],
    "test_recall": [
        0.0023036859929561615,
        0.0021033654920756817,
        0.0023036859929561615,
        0.002704326994717121,
        0.0021033654920756817,
        0.0017027243738994002
    ],
    "test_F1": [
        0.317608118057251,
        0.30729159712791443,
        0.30338534712791443,
        0.3139021694660187,
        0.3106970489025116,
        0.31340137124061584
    ],
    "test_crossentropy": [
        2.8275954723358154,
        2.862553596496582,
        2.8528246879577637,
        2.830496072769165,
        2.8398163318634033,
        2.826261043548584
    ]
}