{
    "time_used_to_train (s)": [
        401.8027982711792,
        396.7348141670227,
        396.95501589775085,
        402.1604382991791,
        398.6588044166565,
        416.7234547138214,
        404.99207496643066,
        406.44687604904175,
        405.1832971572876,
        406.5553708076477,
        412.59797835350037,
        413.6451246738434
    ],
    "test_accuracy": [
        0.5495793223381042,
        0.5447716116905212,
        0.5509815812110901,
        0.5512820482254028,
        0.549879789352417,
        0.5525841116905212,
        0.5455729365348816,
        0.5509815812110901,
        0.5538862347602844,
        0.5448718070983887,
        0.5478765964508057,
        0.5489783883094788
    ],
    "test_top5_accuracy": [
        0.85546875,
        0.8534655570983887,
        0.8518629670143127,
        0.8537660241127014,
        0.8522636294364929,
        0.8541666865348816,
        0.8499599099159241,
        0.8520632982254028,
        0.8578726053237915,
        0.8522636294364929,
        0.8542668223381042,
        0.8527644276618958
    ],
    "test_precision": [
        0.8877805471420288,
        0.8857555985450745,
        0.8888073563575745,
        0.8837953209877014,
        0.8883636593818665,
        0.8881900906562805,
        0.8919022083282471,
        0.8883476853370667,
        0.8840528130531311,
        0.8930602669715881,
        0.8838129639625549,
        0.8853826522827148
    ],
    "test_recall": [
        0.24959935247898102,
        0.24539263546466827,
        0.24258814752101898,
        0.24909855425357819,
        0.24469150602817535,
        0.2546073794364929,
        0.23387420177459717,
        0.23747996985912323,
        0.24819710850715637,
        0.2358774095773697,
        0.24609375,
        0.24449118971824646
    ],
    "test_F1": [
        0.5495792627334595,
        0.5447715520858765,
        0.5509815216064453,
        0.5512819886207581,
        0.5498797297477722,
        0.5525840520858765,
        0.5455728769302368,
        0.5509815216064453,
        0.5538861751556396,
        0.5448717474937439,
        0.5478765368461609,
        0.548978328704834
    ],
    "test_crossentropy": [
        1.6979724168777466,
        1.7060892581939697,
        1.7087900638580322,
        1.7039941549301147,
        1.6997005939483643,
        1.701827049255371,
        1.724305510520935,
        1.7222049236297607,
        1.693611979484558,
        1.7270474433898926,
        1.707144856452942,
        1.710214614868164
    ]
}