{
    "time_used_to_train (s)": [
        4913.1499564647675,
        4895.0228135585785,
        4969.654169082642,
        5082.336247682571,
        5392.18957734108,
        5930.734792470932
    ],
    "test_accuracy": [
        0.5783253312110901,
        0.5795272588729858,
        0.5738180875778198,
        0.5862379670143127,
        0.5784254670143127,
        0.5779246687889099
    ],
    "test_top5_accuracy": [
        0.8778044581413269,
        0.8767027258872986,
        0.8776041865348816,
        0.8761017918586731,
        0.8751001358032227,
        0.878004789352417
    ],
    "test_precision": [
        0.878693163394928,
        0.8790618777275085,
        0.8720676302909851,
        0.8708195090293884,
        0.8783197999000549,
        0.8812358379364014
    ],
    "test_recall": [
        0.30979567766189575,
        0.3115985691547394,
        0.32021233439445496,
        0.34164664149284363,
        0.3246193826198578,
        0.3113982379436493
    ],
    "test_F1": [
        0.5783252716064453,
        0.5795271992683411,
        0.573818027973175,
        0.586237907409668,
        0.578425407409668,
        0.5779246091842651
    ],
    "test_crossentropy": [
        1.5265276432037354,
        1.5285077095031738,
        1.52100670337677,
        1.4963246583938599,
        1.5131471157073975,
        1.53310227394104
    ]
}