{
    "time_used_to_train (s)": [
        4042.1792590618134,
        4060.269955635071,
        4188.932262420654,
        4459.018535852432,
        4727.311234712601,
        5297.968081235886
    ],
    "test_accuracy": [
        0.5762219429016113,
        0.5784254670143127,
        0.5796273946762085,
        0.5813301205635071,
        0.5819311141967773,
        0.5769230723381042
    ],
    "test_top5_accuracy": [
        0.8698918223381042,
        0.8665865659713745,
        0.8686898946762085,
        0.8668870329856873,
        0.8665865659713745,
        0.8678886294364929
    ],
    "test_precision": [
        0.7992179989814758,
        0.8003135323524475,
        0.7909427881240845,
        0.7965904474258423,
        0.7974757552146912,
        0.800078272819519
    ],
    "test_recall": [
        0.4094551205635071,
        0.4090544879436493,
        0.4058493673801422,
        0.4118589758872986,
        0.41135817766189575,
        0.40965545177459717
    ],
    "test_F1": [
        0.5762218832969666,
        0.578425407409668,
        0.5796273350715637,
        0.5813300609588623,
        0.5819310545921326,
        0.5769230127334595
    ],
    "test_crossentropy": [
        1.4799715280532837,
        1.4832537174224854,
        1.4791873693466187,
        1.480218768119812,
        1.4866394996643066,
        1.4917356967926025
    ]
}