{
    "time_used_to_train (s)": [
        738.7793369293213,
        738.8546133041382,
        739.0257742404938
    ],
    "test_accuracy": [
        0.8588398694992065,
        0.856378436088562,
        0.8605522513389587
    ],
    "test_precision": [
        0.8777928352355957,
        0.8730140924453735,
        0.8786789774894714
    ],
    "test_recall": [
        0.8325128555297852,
        0.8350813388824463,
        0.8371147513389587
    ],
    "test_F1": [
        0.8588398098945618,
        0.8563783764839172,
        0.860552191734314
    ],
    "test_crossentropy": [
        0.40896666049957275,
        0.4125719666481018,
        0.41100364923477173
    ]
}