{
    "time_used_to_train (s)": [
        738.7793369293213,
        738.8546133041382,
        739.0257742404938,
        884.181084394455,
        890.5343725681305,
        892.6433162689209
    ],
    "test_accuracy": [
        0.8588398694992065,
        0.856378436088562,
        0.8605522513389587,
        0.856057345867157,
        0.8573415875434875,
        0.857876718044281
    ],
    "test_precision": [
        0.8777928352355957,
        0.8730140924453735,
        0.8786789774894714,
        0.8743378520011902,
        0.8719831109046936,
        0.8726299405097961
    ],
    "test_recall": [
        0.8325128555297852,
        0.8350813388824463,
        0.8371147513389587,
        0.8302654027938843,
        0.8390411138534546,
        0.8373287916183472
    ],
    "test_F1": [
        0.8588398098945618,
        0.8563783764839172,
        0.860552191734314,
        0.8560572862625122,
        0.8573415279388428,
        0.8578765988349915
    ],
    "test_crossentropy": [
        0.40896666049957275,
        0.4125719666481018,
        0.41100364923477173,
        0.41303327679634094,
        0.41441065073013306,
        0.41227492690086365
    ]
}