{
    "time_used_to_train (s)": [
        556.2531707286835,
        558.0404829978943,
        559.4837744235992,
        559.9060378074646,
        563.1189308166504,
        560.5176913738251,
        561.6619853973389,
        565.5172493457794,
        561.3270170688629,
        562.432695388794,
        562.8789947032928,
        562.5277893543243,
        564.6890354156494,
        560.6980924606323,
        561.3052752017975,
        561.4994051456451,
        561.8961548805237,
        562.9829006195068
    ],
    "test_accuracy": [
        0.534567654132843,
        0.5847602486610413,
        0.538741409778595,
        0.5379922986030579,
        0.38730737566947937,
        0.5354238152503967,
        0.5194777250289917,
        0.5178724527359009,
        0.5303938388824463,
        0.5242936611175537,
        0.38730737566947937,
        0.38730737566947937,
        0.5479452013969421,
        0.5402397513389587,
        0.38730737566947937,
        0.702803909778595,
        0.38730737566947937,
        0.6825770735740662
    ],
    "test_precision": [
        0.8775510191917419,
        0.7026462554931641,
        0.9197860956192017,
        0.0,
        0.0,
        0.9090909361839294,
        0.0,
        0.0,
        1.0,
        1.0,
        0.0,
        0.0,
        0.8322683572769165,
        0.9090909361839294,
        0.0,
        0.7918676733970642,
        0.0,
        0.95652174949646
    ],
    "test_recall": [
        0.004601883701980114,
        0.10798373073339462,
        0.018407534807920456,
        0.0,
        0.0,
        0.005351027473807335,
        0.0,
        0.0,
        0.00042808218859136105,
        0.00010702054714784026,
        0.0,
        0.0,
        0.11151541024446487,
        0.022474315017461777,
        0.0,
        0.12296660989522934,
        0.0,
        0.0023544521536678076
    ],
    "test_F1": [
        0.5345675945281982,
        0.5847601890563965,
        0.5387413501739502,
        0.5379922389984131,
        0.387307345867157,
        0.535423755645752,
        0.5194776654243469,
        0.5178723931312561,
        0.5303937792778015,
        0.5242936015129089,
        0.387307345867157,
        0.387307345867157,
        0.5479451417922974,
        0.540239691734314,
        0.387307345867157,
        0.7028038501739502,
        0.387307345867157,
        0.6825770139694214
    ],
    "test_crossentropy": [
        1.3955587148666382,
        1.3023327589035034,
        1.3630913496017456,
        1.3732012510299683,
        1.7242953777313232,
        1.3834030628204346,
        1.412540316581726,
        1.4066946506500244,
        1.3798366785049438,
        1.4018304347991943,
        1.7239649295806885,
        1.7238621711730957,
        1.276366949081421,
        1.350501537322998,
        1.723966360092163,
        1.1789484024047852,
        1.7239934206008911,
        1.2733877897262573
    ],
    "test_top5_accuracy": [
        0.9772046208381653,
        0.9839469194412231,
        0.987371563911438,
        0.9823415875434875,
        0.9632919430732727,
        0.9632919430732727,
        0.9877996444702148,
        0.9870505332946777,
        0.9632919430732727,
        0.9885488152503967,
        0.9632919430732727,
        0.987692654132843
    ]
}