{
    "time_used_to_train (s)": [
        892.7984278202057,
        886.6550679206848,
        885.8679897785187,
        877.6952168941498,
        877.8729588985443,
        877.1063647270203
    ],
    "test_accuracy": [
        0.8654751777648926,
        0.8602311611175537,
        0.8636558055877686,
        0.8652611374855042,
        0.8632277250289917,
        0.8629066944122314
    ],
    "test_precision": [
        0.8801597952842712,
        0.8753480911254883,
        0.8792778849601746,
        0.8815657496452332,
        0.8780325651168823,
        0.8783829212188721
    ],
    "test_recall": [
        0.8488869667053223,
        0.8409674763679504,
        0.8496361374855042,
        0.8459974527359009,
        0.848244845867157,
        0.844071090221405
    ],
    "test_F1": [
        0.8654751181602478,
        0.8602311015129089,
        0.8636557459831238,
        0.8652610778808594,
        0.8632276654243469,
        0.8629066348075867
    ],
    "test_crossentropy": [
        0.3928242623806,
        0.3920632302761078,
        0.39627423882484436,
        0.38677218556404114,
        0.39026808738708496,
        0.39224275946617126
    ]
}