{
    "time_used_to_train (s)": [
        3002.545209169388,
        2993.0586071014404,
        2989.646044254303,
        2992.2705528736115,
        2990.413325071335,
        2994.0113439559937
    ],
    "test_accuracy": [
        0.5736178159713745,
        0.5797275900840759,
        0.5787259340286255,
        0.5743188858032227,
        0.5801281929016113,
        0.5731169581413269
    ],
    "test_precision": [
        0.8313528299331665,
        0.8226537108421326,
        0.8211559653282166,
        0.828481137752533,
        0.8166953325271606,
        0.8200358748435974
    ],
    "test_recall": [
        0.3643830120563507,
        0.3819110691547394,
        0.37710335850715637,
        0.36768829822540283,
        0.3802083432674408,
        0.3664863705635071
    ],
    "test_F1": [
        0.5736177563667297,
        0.5797275304794312,
        0.5787258744239807,
        0.5743188261985779,
        0.5801281332969666,
        0.5731168985366821
    ],
    "test_crossentropy": [
        1.5547163486480713,
        1.527657389640808,
        1.5338891744613647,
        1.544941782951355,
        1.5323725938796997,
        1.5443685054779053
    ]
}