{
    "time_used_to_train (s)": [
        2251.3112971782684,
        2262.5929267406464,
        2274.143014907837,
        2275.8908903598785
    ],
    "test_accuracy": [
        0.44761618971824646,
        0.43349358439445496,
        0.4592347741127014,
        0.4468148946762085
    ],
    "test_precision": [
        0.7022939324378967,
        0.6456125378608704,
        0.739635169506073,
        0.7366330623626709
    ],
    "test_recall": [
        0.2790464758872986,
        0.3050881326198578,
        0.2680288553237915,
        0.24148638546466827
    ],
    "test_F1": [
        0.4476161301136017,
        0.4334934949874878,
        0.45923471450805664,
        0.4468148350715637
    ],
    "test_crossentropy": [
        2.4246318340301514,
        2.3800601959228516,
        1.967848777770996,
        2.2541112899780273
    ]
}