{
    "time_used_to_train (s)": [
        988.6318140029907,
        990.0515646934509,
        990.6470158100128,
        991.822432756424,
        990.2710797786713,
        994.0289695262909
    ],
    "test_accuracy": [
        0.09985977411270142,
        0.10016025602817535,
        0.10016025602817535,
        0.10016025602817535,
        0.09995993226766586,
        0.09995993226766586
    ],
    "test_precision": [
        0.0,
        0.0,
        0.0,
        0.0,
        0.0,
        0.0
    ],
    "test_recall": [
        0.0,
        0.0,
        0.0,
        0.0,
        0.0,
        0.0
    ],
    "test_F1": [
        0.09985972195863724,
        0.10016021132469177,
        0.10016021132469177,
        0.10016021132469177,
        0.09995987266302109,
        0.09995987266302109
    ],
    "test_crossentropy": [
        2.3025856018066406,
        2.302584409713745,
        2.302584648132324,
        2.302584648132324,
        2.3025851249694824,
        2.3025851249694824
    ]
}