{
    "time_used_to_train (s)": [
        1138.3521864414215,
        1146.494121313095,
        1147.9120843410492,
        1141.248792886734
    ],
    "test_accuracy": [
        0.8495593070983887,
        0.8448517918586731,
        0.8416466116905212,
        0.8483573794364929
    ],
    "test_precision": [
        0.8854425549507141,
        0.8715800642967224,
        0.875456690788269,
        0.8819601535797119
    ],
    "test_recall": [
        0.8206129670143127,
        0.8232171535491943,
        0.8160055875778198,
        0.8202123641967773
    ],
    "test_F1": [
        0.8495592474937439,
        0.8448517322540283,
        0.8416465520858765,
        0.8483573198318481
    ],
    "test_crossentropy": [
        0.4346275329589844,
        0.5627321600914001,
        0.5558616518974304,
        0.45633575320243835
    ]
}