{
    "time_used_to_train (s)": [
        323.01137375831604,
        320.24926567077637,
        316.8360028266907,
        316.99405550956726,
        317.5424122810364,
        313.88414573669434,
        313.8127555847168,
        315.6396601200104,
        315.1524386405945,
        317.80547761917114
    ],
    "test_accuracy": [
        0.6179887652397156,
        0.6147836446762085,
        0.6159855723381042,
        0.6187900900840759,
        0.6185897588729858,
        0.6172876358032227,
        0.6144831776618958,
        0.6160857081413269,
        0.6157852411270142,
        0.6172876358032227
    ],
    "test_precision": [
        0.8504842519760132,
        0.8511990308761597,
        0.8512852191925049,
        0.8485943675041199,
        0.8475300073623657,
        0.8491439819335938,
        0.8517762422561646,
        0.8517388701438904,
        0.8549990057945251,
        0.8488654494285583
    ],
    "test_recall": [
        0.42217546701431274,
        0.41596555709838867,
        0.41796875,
        0.42327722907066345,
        0.4175681173801422,
        0.4222756326198578,
        0.41786858439445496,
        0.4194711446762085,
        0.4222756326198578,
        0.4196714758872986
    ],
    "test_F1": [
        0.6179887056350708,
        0.6147835850715637,
        0.6159855127334595,
        0.6187900304794312,
        0.6185896992683411,
        0.6172875761985779,
        0.614483118057251,
        0.6160856485366821,
        0.6157851815223694,
        0.6172875761985779
    ],
    "test_crossentropy": [
        1.3519576787948608,
        1.357839584350586,
        1.3573609590530396,
        1.3496662378311157,
        1.3578643798828125,
        1.354126214981079,
        1.3572133779525757,
        1.3617249727249146,
        1.3534398078918457,
        1.3509758710861206
    ]
}