{
    "time_used_to_train (s)": [
        3007.7249584198,
        3001.8267138004303,
        3008.069750547409,
        2999.063634634018,
        3008.4138402938843,
        3013.683869600296
    ],
    "test_accuracy": [
        0.5663061141967773,
        0.5573918223381042,
        0.5677083134651184,
        0.5606971383094788,
        0.5680088400840759,
        0.5610977411270142
    ],
    "test_precision": [
        0.7522185444831848,
        0.7575008869171143,
        0.7564147114753723,
        0.7473903894424438,
        0.7625201940536499,
        0.7612727284431458
    ],
    "test_recall": [
        0.4329927861690521,
        0.4298878312110901,
        0.43699920177459717,
        0.4302884638309479,
        0.42548078298568726,
        0.41937097907066345
    ],
    "test_F1": [
        0.5663060545921326,
        0.5573917627334595,
        0.5677082538604736,
        0.560697078704834,
        0.5680087804794312,
        0.5610976815223694
    ],
    "test_crossentropy": [
        1.6026149988174438,
        1.5971349477767944,
        1.592639684677124,
        1.595848798751831,
        1.580141544342041,
        1.5930606126785278
    ]
}