{
    "time_used_to_train (s)": [
        1916.7332653999329,
        1918.7643871307373,
        1919.5366888046265,
        1918.2885012626648
    ],
    "test_accuracy": [
        0.10006009787321091,
        0.09995993226766586,
        0.10016025602817535,
        0.09985977411270142
    ],
    "test_top5_accuracy": [
        0.49989983439445496,
        0.5002003312110901,
        0.5001001358032227,
        0.5
    ],
    "test_precision": [
        0.0,
        0.0,
        0.0,
        0.0
    ],
    "test_recall": [
        0.0,
        0.0,
        0.0,
        0.0
    ],
    "test_F1": [
        0.10006004571914673,
        0.09995987266302109,
        0.10016021132469177,
        0.09985972195863724
    ],
    "test_crossentropy": [
        2.3025856018066406,
        2.302584171295166,
        2.3025853633880615,
        2.302584409713745
    ]
}