{
    "time_used_to_train (s)": [
        1231.3339712619781,
        1549.7586472034454,
        1545.767993927002,
        1549.5948960781097,
        1553.1663506031036,
        1556.3431913852692
    ],
    "test_accuracy": [
        0.8202123641967773,
        0.8196113705635071,
        0.8174078464508057,
        0.8191105723381042,
        0.8236178159713745,
        0.8221153616905212
    ],
    "test_precision": [
        0.8533505797386169,
        0.8583624958992004,
        0.845470130443573,
        0.8572207093238831,
        0.8534778952598572,
        0.8526948690414429
    ],
    "test_recall": [
        0.792067289352417,
        0.7854567170143127,
        0.7907652258872986,
        0.7877604365348816,
        0.7963742017745972,
        0.7954727411270142
    ],
    "test_F1": [
        0.8202123045921326,
        0.8196113705635071,
        0.8174077868461609,
        0.8191105127334595,
        0.8236178159713745,
        0.8221153616905212
    ],
    "test_crossentropy": [
        0.537737250328064,
        0.5231095552444458,
        0.549249529838562,
        0.5326895713806152,
        0.54178386926651,
        0.543341875076294
    ]
}