{
    "time_used_to_train (s)": [
        100.24229502677917,
        99.48306488990784,
        99.3933527469635,
        101.17693591117859,
        95.39920449256897,
        98.34396171569824
    ],
    "test_accuracy": [
        0.8442507982254028,
        0.8411458134651184,
        0.8441506624221802,
        0.8414463400840759,
        0.8451522588729858,
        0.8466546535491943
    ],
    "test_precision": [
        0.8667716383934021,
        0.8608559370040894,
        0.8613131046295166,
        0.85698002576828,
        0.8674079775810242,
        0.8665831685066223
    ],
    "test_recall": [
        0.8269230723381042,
        0.8260216116905212,
        0.8304286599159241,
        0.8282251358032227,
        0.8282251358032227,
        0.8314303159713745
    ],
    "test_F1": [
        0.8442507386207581,
        0.8411457538604736,
        0.8441506028175354,
        0.8414462804794312,
        0.8451521992683411,
        0.8466545939445496
    ],
    "test_crossentropy": [
        0.45893242955207825,
        0.48750197887420654,
        0.4980265200138092,
        0.5148869752883911,
        0.4695291817188263,
        0.46897268295288086
    ]
}