{
    "time_used_to_train (s)": [
        254.25305676460266,
        257.4343993663788,
        251.39155530929565,
        257.09523487091064,
        253.1332652568817,
        250.22797513008118,
        250.580819606781,
        251.15577292442322,
        252.62751293182373,
        247.58541798591614
    ],
    "test_accuracy": [
        0.26752805709838867,
        0.26292067766189575,
        0.24208733439445496,
        0.25991585850715637,
        0.26292067766189575,
        0.2591145932674408,
        0.25580930709838867,
        0.2600160241127014,
        0.2699318826198578,
        0.25861379504203796
    ],
    "test_precision": [
        0.0,
        0.0,
        0.0,
        0.0,
        0.0,
        0.5,
        1.0,
        0.0,
        0.5,
        0.0
    ],
    "test_recall": [
        0.0,
        0.0,
        0.0,
        0.0,
        0.0,
        0.00010016025771619752,
        0.00010016025771619752,
        0.0,
        0.00010016025771619752,
        0.0
    ],
    "test_F1": [
        0.2675279974937439,
        0.262920618057251,
        0.24208728969097137,
        0.2599157989025116,
        0.262920618057251,
        0.259114533662796,
        0.2558092474937439,
        0.26001596450805664,
        0.269931823015213,
        0.2586137354373932
    ],
    "test_crossentropy": [
        3.0864791870117188,
        3.115229606628418,
        3.215186595916748,
        3.100538492202759,
        3.0804457664489746,
        3.1128878593444824,
        3.1398839950561523,
        3.187976121902466,
        3.06423020362854,
        3.1786298751831055
    ]
}