{
    "time_used_to_train (s)": [
        155.80583095550537,
        151.85403847694397,
        151.287038564682,
        151.27960205078125,
        151.50944137573242,
        148.58710598945618,
        147.25284814834595,
        148.95007967948914,
        149.2650682926178,
        148.19636511802673
    ],
    "test_accuracy": [
        0.8678886294364929,
        0.8695913553237915,
        0.8682892918586731,
        0.8684895634651184,
        0.8678886294364929,
        0.8676882982254028,
        0.8663862347602844,
        0.8689903616905212,
        0.8695913553237915,
        0.868088960647583
    ],
    "test_precision": [
        0.9051452279090881,
        0.9049690365791321,
        0.9070299863815308,
        0.9056295156478882,
        0.9065808057785034,
        0.906147837638855,
        0.9038021564483643,
        0.9050777554512024,
        0.9062941670417786,
        0.902489423751831
    ],
    "test_recall": [
        0.8334335088729858,
        0.8336338400840759,
        0.8335336446762085,
        0.8314303159713745,
        0.83203125,
        0.8326321840286255,
        0.8309294581413269,
        0.8337339758872986,
        0.835036039352417,
        0.8315304517745972
    ],
    "test_F1": [
        0.8678885698318481,
        0.8695912957191467,
        0.8682892322540283,
        0.8684895038604736,
        0.8678885698318481,
        0.8676882386207581,
        0.8663861751556396,
        0.8689903020858765,
        0.8695912957191467,
        0.8680889010429382
    ],
    "test_crossentropy": [
        0.38707128167152405,
        0.3864595592021942,
        0.38561931252479553,
        0.39437538385391235,
        0.3877268433570862,
        0.39054247736930847,
        0.3924010694026947,
        0.386016845703125,
        0.3850117325782776,
        0.3888718783855438
    ]
}