{
    "time_used_to_train (s)": [
        310.83686876296997,
        312.1410274505615,
        306.90240359306335,
        306.62427830696106,
        304.5370264053345,
        304.4263069629669,
        303.01085805892944,
        304.23739790916443,
        304.57122826576233
    ],
    "test_accuracy": [
        0.6444311141967773,
        0.6375200152397156,
        0.6417267918586731,
        0.6410256624221802,
        0.6369190812110901,
        0.6450320482254028,
        0.64453125,
        0.6427283883094788,
        0.6422275900840759
    ],
    "test_precision": [
        0.8403183221817017,
        0.8343288898468018,
        0.8398100733757019,
        0.8350280523300171,
        0.8356481194496155,
        0.8421894311904907,
        0.8420132994651794,
        0.8351609706878662,
        0.8357868790626526
    ],
    "test_recall": [
        0.4759615361690521,
        0.4756610691547394,
        0.47836539149284363,
        0.47706329822540283,
        0.4700520932674408,
        0.47465944290161133,
        0.48257210850715637,
        0.47295671701431274,
        0.4776642620563507
    ],
    "test_F1": [
        0.6444310545921326,
        0.6375199556350708,
        0.6417267322540283,
        0.6410256028175354,
        0.6369190216064453,
        0.6450319886207581,
        0.6445311903953552,
        0.642728328704834,
        0.6422275304794312
    ],
    "test_crossentropy": [
        1.244012713432312,
        1.2436134815216064,
        1.2443790435791016,
        1.2430078983306885,
        1.2531325817108154,
        1.2395446300506592,
        1.2359648942947388,
        1.240980863571167,
        1.2388012409210205
    ]
}