{
    "time_used_to_train (s)": [
        1895.7451145648956,
        1899.5866060256958,
        1903.9214804172516,
        1906.5998158454895
    ],
    "test_accuracy": [
        0.010016025975346565,
        0.010016025975346565,
        0.010016025975346565,
        0.010016025975346565
    ],
    "test_precision": [
        0.0,
        0.0,
        0.0,
        0.0
    ],
    "test_recall": [
        0.0,
        0.0,
        0.0,
        0.0
    ],
    "test_F1": [
        0.010015975683927536,
        0.010015975683927536,
        0.010015975683927536,
        0.010015975683927536
    ],
    "test_crossentropy": [
        4.605167865753174,
        4.605171203613281,
        4.605169773101807,
        4.605172634124756
    ]
}