{
    "time_used_to_train (s)": [
        698.4691572189331,
        685.629472732544,
        692.5922086238861,
        690.514246225357,
        690.6020059585571,
        694.0306203365326
    ],
    "test_accuracy": [
        0.9080528616905212,
        0.9096554517745972,
        0.9070512652397156,
        0.9090544581413269,
        0.9082531929016113,
        0.9089543223381042
    ],
    "test_precision": [
        0.9304174780845642,
        0.9316230416297913,
        0.9294710159301758,
        0.9304930567741394,
        0.9298908710479736,
        0.9290181398391724
    ],
    "test_recall": [
        0.890625,
        0.8911257982254028,
        0.8870192170143127,
        0.8903245329856873,
        0.8874198794364929,
        0.8927283883094788
    ],
    "test_F1": [
        0.9080528020858765,
        0.9096553921699524,
        0.9070512056350708,
        0.9090543985366821,
        0.9082531332969666,
        0.9089542627334595
    ],
    "test_crossentropy": [
        0.2697342336177826,
        0.2662874162197113,
        0.2747913599014282,
        0.2681739330291748,
        0.27183589339256287,
        0.26828789710998535
    ]
}