{
    "time_used_to_train (s)": [
        1949.6954448223114,
        1911.4688630104065,
        1901.7016808986664,
        1898.5645940303802,
        1905.0735323429108,
        1904.3025176525116,
        1905.2168610095978
    ],
    "test_accuracy": [
        0.3122996687889099,
        0.30548879504203796,
        0.3059895932674408,
        0.3083934187889099,
        0.28876203298568726,
        0.3212139308452606,
        0.30909454822540283
    ],
    "test_top5_accuracy": [
        0.700120210647583,
        0.6994190812110901,
        0.6856971383094788,
        0.6906049847602844,
        0.6918069124221802,
        0.7075320482254028,
        0.6952123641967773
    ],
    "test_precision": [
        0.0,
        0.0,
        1.0,
        0.0,
        1.0,
        0.0,
        0.0
    ],
    "test_recall": [
        0.0,
        0.0,
        0.0003004807804245502,
        0.0,
        0.00010016025771619752,
        0.0,
        0.0
    ],
    "test_F1": [
        0.31229960918426514,
        0.3054887354373932,
        0.305989533662796,
        0.30839335918426514,
        0.28874751925468445,
        0.32121387124061584,
        0.30909448862075806
    ],
    "test_crossentropy": [
        3.0381369590759277,
        3.0259175300598145,
        2.9009299278259277,
        3.0490453243255615,
        3.0404083728790283,
        3.035146951675415,
        3.046865701675415
    ]
}