{
    "time_used_to_train (s)": [
        70.1794228553772,
        76.40607357025146,
        70.3037588596344,
        70.26466345787048,
        70.93493342399597,
        69.66658329963684
    ],
    "test_accuracy": [
        0.7472956776618958,
        0.75,
        0.7505007982254028,
        0.75,
        0.749098539352417,
        0.7487980723381042
    ],
    "test_precision": [
        0.8323425650596619,
        0.8499748706817627,
        0.8469924926757812,
        0.8367645144462585,
        0.8462976813316345,
        0.8527289032936096
    ],
    "test_recall": [
        0.6871995329856873,
        0.6769831776618958,
        0.6769831776618958,
        0.6880007982254028,
        0.6799879670143127,
        0.6744791865348816
    ],
    "test_F1": [
        0.747295618057251,
        0.7499999403953552,
        0.7505007386207581,
        0.7499999403953552,
        0.7490984797477722,
        0.7487980127334595
    ],
    "test_crossentropy": [
        0.8535928726196289,
        0.845757007598877,
        0.8462780714035034,
        0.8543410897254944,
        0.844942033290863,
        0.8432254195213318
    ]
}