{
    "time_used_to_train (s)": [
        656.6181795597076,
        688.2154190540314,
        687.6707217693329,
        691.4188334941864,
        701.701185464859,
        689.5653228759766
    ],
    "test_accuracy": [
        0.9112580418586731,
        0.9083533883094788,
        0.9097555875778198,
        0.9108573794364929,
        0.9120593070983887,
        0.9115585088729858
    ],
    "test_precision": [
        0.9288902878761292,
        0.9285417795181274,
        0.9282380938529968,
        0.9292897582054138,
        0.9285935759544373,
        0.9287194609642029
    ],
    "test_recall": [
        0.8962339758872986,
        0.8967347741127014,
        0.8965344429016113,
        0.8977363705635071,
        0.8987379670143127,
        0.8978365659713745
    ],
    "test_F1": [
        0.9112579822540283,
        0.9083533883094788,
        0.909755527973175,
        0.9108573198318481,
        0.9120592474937439,
        0.9115584492683411
    ],
    "test_crossentropy": [
        0.26512816548347473,
        0.26544758677482605,
        0.2642757296562195,
        0.26515865325927734,
        0.2685341238975525,
        0.2646106779575348
    ]
}