{
    "time_used_to_train (s)": [
        20.789613485336304,
        20.741580963134766,
        20.366813898086548,
        20.706522464752197,
        20.726845026016235,
        20.829168558120728,
        20.661092519760132,
        20.8404803276062,
        21.08512544631958,
        20.95951199531555
    ],
    "test_accuracy": [
        0.6843950152397156,
        0.6850961446762085,
        0.6855969429016113,
        0.6822916865348816,
        0.686598539352417,
        0.6842948794364929,
        0.68359375,
        0.6859976053237915,
        0.6836938858032227,
        0.6842948794364929
    ],
    "test_precision": [
        0.8150618076324463,
        0.8176757097244263,
        0.819091260433197,
        0.8111676573753357,
        0.8164204359054565,
        0.8138092756271362,
        0.8156223893165588,
        0.8173707127571106,
        0.8124569654464722,
        0.8168975114822388
    ],
    "test_recall": [
        0.5875400900840759,
        0.5884414911270142,
        0.5904446840286255,
        0.590745210647583,
        0.5866386294364929,
        0.5914463400840759,
        0.5919471383094788,
        0.5872395634651184,
        0.5905448794364929,
        0.590745210647583
    ],
    "test_F1": [
        0.6843949556350708,
        0.6850960850715637,
        0.6855968832969666,
        0.6822916269302368,
        0.6865984797477722,
        0.6842948198318481,
        0.6835936903953552,
        0.6859975457191467,
        0.6836938261985779,
        0.6842948198318481
    ],
    "test_crossentropy": [
        1.0682971477508545,
        1.0662859678268433,
        1.0666687488555908,
        1.0675640106201172,
        1.0624277591705322,
        1.0700393915176392,
        1.069100260734558,
        1.0617949962615967,
        1.0648713111877441,
        1.0703247785568237
    ]
}