{
    "time_used_to_train (s)": [
        91.24497056007385,
        92.20391058921814,
        88.92560410499573,
        87.53379797935486,
        89.76250648498535,
        88.16747713088989,
        87.10561609268188,
        86.96435046195984,
        93.17013049125671,
        86.68056273460388
    ],
    "test_accuracy": [
        0.862692654132843,
        0.862371563911438,
        0.8654751777648926,
        0.8650470972061157,
        0.8648330569267273,
        0.8636558055877686,
        0.862692654132843,
        0.865689218044281,
        0.8631207346916199,
        0.8646190166473389
    ],
    "test_precision": [
        0.8803619146347046,
        0.8822473883628845,
        0.882853627204895,
        0.883856475353241,
        0.882300078868866,
        0.8832510113716125,
        0.8791319131851196,
        0.8830323815345764,
        0.8811792135238647,
        0.8820230960845947
    ],
    "test_recall": [
        0.843428909778595,
        0.841930627822876,
        0.8436429500579834,
        0.84375,
        0.840753436088562,
        0.8420376777648926,
        0.8453553318977356,
        0.8426797986030579,
        0.8412885069847107,
        0.8417165875434875
    ],
    "test_F1": [
        0.8626925945281982,
        0.8623715043067932,
        0.8654751181602478,
        0.8650469779968262,
        0.8648329377174377,
        0.8636557459831238,
        0.8626925945281982,
        0.8656891584396362,
        0.8631206750869751,
        0.8646189570426941
    ],
    "test_crossentropy": [
        0.40379810333251953,
        0.405349999666214,
        0.4046812653541565,
        0.4042138159275055,
        0.40667206048965454,
        0.40406090021133423,
        0.4036264717578888,
        0.4029965102672577,
        0.4036814272403717,
        0.4017588198184967
    ]
}