{
    "time_used_to_train (s)": [
        633.2880613803864,
        647.0476777553558,
        648.1787085533142,
        657.4022912979126
    ],
    "test_accuracy": [
        0.8694349527359009,
        0.8712542653083801,
        0.8744648694992065,
        0.8760702013969421
    ],
    "test_precision": [
        0.8812369704246521,
        0.8819330334663391,
        0.8841450214385986,
        0.8854644894599915
    ],
    "test_recall": [
        0.8600171208381653,
        0.859375,
        0.8665453791618347,
        0.8670804500579834
    ],
    "test_F1": [
        0.8694348931312561,
        0.8712542057037354,
        0.8744648098945618,
        0.8760700821876526
    ],
    "test_crossentropy": [
        0.3808594048023224,
        0.3772372007369995,
        0.3703557252883911,
        0.37013620138168335
    ]
}