{
    "time_used_to_train (s)": [
        47.76354265213013,
        49.48049473762512,
        48.806626319885254,
        48.07164549827576,
        48.204288959503174,
        47.82325315475464,
        49.3863685131073,
        49.343913316726685,
        49.0778706073761,
        48.71392893791199
    ],
    "test_accuracy": [
        0.8161386847496033,
        0.8165667653083801,
        0.8120719194412231,
        0.8167808055877686,
        0.8144263625144958,
        0.8160316944122314,
        0.8148544430732727,
        0.8159246444702148,
        0.8135702013969421,
        0.8205265402793884
    ],
    "test_precision": [
        0.8605664372444153,
        0.8628746271133423,
        0.8577017188072205,
        0.8622616529464722,
        0.8585956692695618,
        0.8618589639663696,
        0.8590563535690308,
        0.8587284088134766,
        0.86083984375,
        0.8649763464927673
    ],
    "test_recall": [
        0.7609161138534546,
        0.7549229264259338,
        0.7508561611175537,
        0.7597388625144958,
        0.7589897513389587,
        0.7571703791618347,
        0.7618792653083801,
        0.7617722749710083,
        0.7547088861465454,
        0.7630565166473389
    ],
    "test_F1": [
        0.8161386847496033,
        0.8165667057037354,
        0.8120718598365784,
        0.8167807459831238,
        0.8144263029098511,
        0.8160316348075867,
        0.8148543834686279,
        0.8159245848655701,
        0.8135701417922974,
        0.8205264806747437
    ],
    "test_crossentropy": [
        0.5364441275596619,
        0.5393424034118652,
        0.550118088722229,
        0.5378062725067139,
        0.5407596826553345,
        0.5353454947471619,
        0.5374405384063721,
        0.5350233912467957,
        0.5391904711723328,
        0.530393123626709
    ]
}