{
    "time_used_to_train (s)": [
        444.736563205719,
        443.60354137420654,
        443.2147147655487,
        443.7025692462921,
        443.6979398727417,
        443.6016128063202
    ],
    "test_accuracy": [
        0.892444372177124,
        0.8929794430732727,
        0.8911601305007935,
        0.8937286138534546,
        0.8952268958091736,
        0.8928724527359009
    ],
    "test_precision": [
        0.9041202068328857,
        0.9029179215431213,
        0.9024336338043213,
        0.9027199149131775,
        0.9048665165901184,
        0.9021798372268677
    ],
    "test_recall": [
        0.8759632110595703,
        0.8808861374855042,
        0.8770334124565125,
        0.8808861374855042,
        0.8815282583236694,
        0.8814212083816528
    ],
    "test_F1": [
        0.8924443125724792,
        0.8929793834686279,
        0.8911600708961487,
        0.8937285542488098,
        0.8952268362045288,
        0.8928723931312561
    ],
    "test_crossentropy": [
        0.3232613801956177,
        0.3194428086280823,
        0.32536324858665466,
        0.31668251752853394,
        0.3179783821105957,
        0.31809231638908386
    ]
}