{
    "time_used_to_train (s)": [
        1113.2760226726532,
        1113.1459579467773,
        1108.2354621887207,
        1116.2931323051453,
        1120.0552349090576,
        1107.6615188121796
    ],
    "test_accuracy": [
        0.38730737566947937,
        0.5740582346916199,
        0.5358518958091736,
        0.38730737566947937,
        0.5663527250289917,
        0.38730737566947937
    ],
    "test_top5_accuracy": [
        0.9632919430732727,
        0.9680008292198181,
        0.9856592416763306,
        0.9632919430732727,
        0.9632919430732727,
        0.9632919430732727
    ],
    "test_precision": [
        0.0,
        0.9242424368858337,
        0.8999999761581421,
        0.0,
        0.8113207817077637,
        0.0
    ],
    "test_recall": [
        0.0,
        0.006528253201395273,
        0.0009631849243305624,
        0.0,
        0.013805651105940342,
        0.0
    ],
    "test_F1": [
        0.387307345867157,
        0.5740581750869751,
        0.5358518362045288,
        0.387307345867157,
        0.5663526654243469,
        0.387307345867157
    ],
    "test_crossentropy": [
        1.72396719455719,
        1.3470979928970337,
        1.3727593421936035,
        1.7238937616348267,
        1.403418779373169,
        1.7237275838851929
    ]
}