{
    "time_used_to_train (s)": [
        556.2531707286835,
        558.0404829978943,
        559.4837744235992,
        559.9060378074646,
        563.1189308166504,
        560.5176913738251
    ],
    "test_accuracy": [
        0.534567654132843,
        0.5847602486610413,
        0.538741409778595,
        0.5379922986030579,
        0.38730737566947937,
        0.5354238152503967
    ],
    "test_precision": [
        0.8775510191917419,
        0.7026462554931641,
        0.9197860956192017,
        0.0,
        0.0,
        0.9090909361839294
    ],
    "test_recall": [
        0.004601883701980114,
        0.10798373073339462,
        0.018407534807920456,
        0.0,
        0.0,
        0.005351027473807335
    ],
    "test_F1": [
        0.5345675945281982,
        0.5847601890563965,
        0.5387413501739502,
        0.5379922389984131,
        0.387307345867157,
        0.535423755645752
    ],
    "test_crossentropy": [
        1.3955587148666382,
        1.3023327589035034,
        1.3630913496017456,
        1.3732012510299683,
        1.7242953777313232,
        1.3834030628204346
    ]
}