{
    "time_used_to_train (s)": [
        18.71922254562378,
        17.13984966278076,
        17.496578693389893,
        16.286621809005737,
        16.414201498031616,
        16.71442437171936,
        18.265329122543335,
        17.776361227035522,
        34.85221266746521,
        18.86850929260254
    ],
    "test_accuracy": [
        0.8834546208381653,
        0.8786386847496033,
        0.8785316944122314,
        0.8792808055877686,
        0.8808861374855042,
        0.8811001777648926,
        0.8802440166473389,
        0.8791738152503967,
        0.8789597749710083,
        0.8806720972061157
    ],
    "test_precision": [
        0.8919891119003296,
        0.8894236087799072,
        0.8892669081687927,
        0.889010488986969,
        0.889857292175293,
        0.8907361030578613,
        0.8901183009147644,
        0.8887192010879517,
        0.8892408609390259,
        0.8901494741439819
    ],
    "test_recall": [
        0.8758561611175537,
        0.8702911138534546,
        0.8671875,
        0.8692209124565125,
        0.8741438388824463,
        0.8715753555297852,
        0.8695419430732727,
        0.8717893958091736,
        0.8712542653083801,
        0.8732876777648926
    ],
    "test_F1": [
        0.8834545612335205,
        0.8786386251449585,
        0.8785316348075867,
        0.879280686378479,
        0.8808860778808594,
        0.8811001181602478,
        0.8802439570426941,
        0.879173755645752,
        0.8789597153663635,
        0.880672037601471
    ],
    "test_crossentropy": [
        0.3446195423603058,
        0.3482605516910553,
        0.3500441014766693,
        0.35042279958724976,
        0.3455057740211487,
        0.34601056575775146,
        0.3498375713825226,
        0.35172784328460693,
        0.3473895192146301,
        0.34701007604599
    ]
}