{
    "time_used_to_train (s)": [
        105.23317265510559,
        101.99326944351196,
        101.81151103973389,
        110.09388041496277,
        118.37646818161011,
        108.94182395935059
    ],
    "test_accuracy": [
        0.873501718044281,
        0.8682577013969421,
        0.8691138625144958,
        0.8709332346916199,
        0.8728595972061157,
        0.8710402250289917
    ],
    "test_precision": [
        0.881738007068634,
        0.877143144607544,
        0.8791953921318054,
        0.8800566792488098,
        0.8791005611419678,
        0.8799433708190918
    ],
    "test_recall": [
        0.8665453791618347,
        0.8595890402793884,
        0.8606592416763306,
        0.8637628555297852,
        0.8661172986030579,
        0.8644049763679504
    ],
    "test_F1": [
        0.8735016584396362,
        0.8682576417922974,
        0.8691138625144958,
        0.8709331750869751,
        0.872859537601471,
        0.8710402250289917
    ],
    "test_crossentropy": [
        0.3691004514694214,
        0.38011154532432556,
        0.3750722408294678,
        0.37628471851348877,
        0.38478007912635803,
        0.3887763023376465
    ]
}