{
    "time_used_to_train (s)": [
        35.61029624938965,
        36.390124559402466,
        36.396790504455566,
        41.48388671875,
        43.782952547073364,
        38.0339777469635
    ],
    "test_accuracy": [
        0.9093536138534546,
        0.907748281955719,
        0.909567654132843,
        0.9101027250289917,
        0.9090325236320496,
        0.9091395735740662
    ],
    "test_precision": [
        0.9129777550697327,
        0.9123795032501221,
        0.9127574563026428,
        0.9131138920783997,
        0.9128183126449585,
        0.9122598767280579
    ],
    "test_recall": [
        0.9049657583236694,
        0.9015411138534546,
        0.9058219194412231,
        0.9053938388824463,
        0.9053938388824463,
        0.9046446681022644
    ],
    "test_F1": [
        0.909353494644165,
        0.9077481627464294,
        0.9095675945281982,
        0.9101026654243469,
        0.9090324640274048,
        0.9091395139694214
    ],
    "test_crossentropy": [
        0.2751810848712921,
        0.2783665657043457,
        0.2708887457847595,
        0.2746899425983429,
        0.2735564708709717,
        0.2739813029766083
    ]
}