{
    "time_used_to_train (s)": [
        552.455500125885,
        550.0197734832764,
        550.322368144989,
        550.1505446434021,
        549.8437366485596,
        549.4472830295563
    ],
    "test_accuracy": [
        0.8510273694992065,
        0.857555627822876,
        0.8513484597206116,
        0.8591609597206116,
        0.8541309833526611,
        0.854559063911438
    ],
    "test_top5_accuracy": [
        0.9994648694992065,
        0.9995719194412231,
        0.9995719194412231,
        0.999678909778595,
        0.999678909778595,
        0.9995719194412231
    ],
    "test_precision": [
        0.8774276375770569,
        0.8817563652992249,
        0.8770473003387451,
        0.8847836256027222,
        0.8783287405967712,
        0.8800138831138611
    ],
    "test_recall": [
        0.8074700236320496,
        0.818814218044281,
        0.8137842416763306,
        0.8226669430732727,
        0.8189212083816528,
        0.8147474527359009
    ],
    "test_F1": [
        0.8510273098945618,
        0.8575555682182312,
        0.8513484001159668,
        0.8591609001159668,
        0.8541309237480164,
        0.854559063911438
    ],
    "test_crossentropy": [
        0.4440021216869354,
        0.4256933927536011,
        0.43639978766441345,
        0.4215940833091736,
        0.42610087990760803,
        0.4337681531906128
    ]
}