{
    "time_used_to_train (s)": [
        9.055372476577759,
        8.979653596878052,
        8.832605123519897,
        7.954066514968872,
        7.869196176528931,
        7.828880071640015,
        7.79766058921814,
        7.831002473831177,
        7.764345169067383,
        7.763455629348755
    ],
    "test_accuracy": [
        0.7239583134651184,
        0.734375,
        0.71875,
        0.71875,
        0.7135416865348816,
        0.7447916865348816,
        0.7135416865348816,
        0.7447916865348816,
        0.7083333134651184,
        0.7552083134651184
    ],
    "test_precision": [
        0.0,
        0.0,
        0.0,
        0.0,
        0.0,
        0.0,
        0.0,
        0.0,
        0.0,
        0.0
    ],
    "test_recall": [
        0.0,
        0.0,
        0.0,
        0.0,
        0.0,
        0.0,
        0.0,
        0.0,
        0.0,
        0.0
    ],
    "test_F1": [
        0.7239582538604736,
        0.7343749403953552,
        0.7187499403953552,
        0.7187499403953552,
        0.7135416269302368,
        0.7447916865348816,
        0.7135416269302368,
        0.7447916865348816,
        0.7083333134651184,
        0.7552083134651184
    ],
    "test_crossentropy": [
        1.7545992136001587,
        1.751893401145935,
        1.752260684967041,
        1.7432855367660522,
        1.7478837966918945,
        1.739358901977539,
        1.7453961372375488,
        1.717555046081543,
        1.7594305276870728,
        1.7218564748764038
    ]
}