{
    "time_used_to_train (s)": [
        2.805987596511841,
        2.7925209999084473,
        2.7643449306488037,
        2.719078540802002,
        2.775832414627075,
        2.7303314208984375,
        2.8018856048583984,
        2.792647361755371,
        2.7748911380767822,
        2.7866151332855225
    ],
    "test_accuracy": [
        0.71875,
        0.71875,
        0.7135416865348816,
        0.734375,
        0.71875,
        0.7239583134651184,
        0.7135416865348816,
        0.71875,
        0.7135416865348816,
        0.71875
    ],
    "test_precision": [
        0.0,
        0.0,
        0.0,
        0.0,
        0.0,
        0.0,
        0.0,
        0.0,
        0.0,
        0.0
    ],
    "test_recall": [
        0.0,
        0.0,
        0.0,
        0.0,
        0.0,
        0.0,
        0.0,
        0.0,
        0.0,
        0.0
    ],
    "test_F1": [
        0.7187499403953552,
        0.7187499403953552,
        0.7135416269302368,
        0.7343749403953552,
        0.7187499403953552,
        0.7239582538604736,
        0.7135416269302368,
        0.7187499403953552,
        0.7135416269302368,
        0.7187499403953552
    ],
    "test_crossentropy": [
        1.6839256286621094,
        1.674628734588623,
        1.7012144327163696,
        1.69601309299469,
        1.6889715194702148,
        1.6374906301498413,
        1.706653118133545,
        1.7127089500427246,
        1.6277879476547241,
        1.630869746208191
    ]
}