{
    "time_used_to_train (s)": [
        7.430468797683716,
        7.319989204406738,
        7.315574645996094,
        7.2885825634002686,
        7.351925373077393,
        7.298027038574219
    ],
    "test_accuracy": [
        0.734375,
        0.734375,
        0.71875,
        0.71875,
        0.71875,
        0.71875
    ],
    "test_precision": [
        0.0,
        0.0,
        0.0,
        0.0,
        0.0,
        0.7340425252914429
    ],
    "test_recall": [
        0.0,
        0.0,
        0.0,
        0.0,
        0.0,
        0.71875
    ],
    "test_F1": [
        0.7343749403953552,
        0.7343749403953552,
        0.7187499403953552,
        0.7187499403953552,
        0.7187499403953552,
        0.7187499403953552
    ],
    "test_crossentropy": [
        1.4584484100341797,
        1.468103289604187,
        1.3396257162094116,
        1.5278100967407227,
        1.462610125541687,
        0.9568012356758118
    ]
}