{
    "time_used_to_train (s)": [
        13.75589370727539,
        13.064448595046997,
        13.007946252822876,
        12.977098226547241,
        13.065213918685913,
        13.015385389328003,
        13.024902105331421,
        13.125467538833618,
        13.111550331115723,
        13.205082178115845,
        15.63416838645935,
        15.625822067260742,
        15.760047912597656,
        15.611356735229492,
        15.612279653549194,
        15.592066526412964,
        15.636316061019897,
        15.699763298034668,
        15.68083930015564,
        15.659824848175049,
        15.678017377853394,
        15.786149501800537,
        16.03570795059204,
        16.09746789932251,
        15.944354057312012,
        15.628746271133423,
        15.56375789642334,
        15.758102416992188
    ],
    "test_accuracy": [
        0.71875,
        0.71875,
        0.71875,
        0.71875,
        0.71875,
        0.71875,
        0.71875,
        0.71875,
        0.71875,
        0.71875,
        0.71875,
        0.71875,
        0.71875,
        0.71875,
        0.71875,
        0.71875,
        0.71875,
        0.71875,
        0.71875,
        0.71875,
        0.71875,
        0.71875,
        0.71875,
        0.71875,
        0.71875,
        0.71875,
        0.71875,
        0.71875
    ],
    "test_precision": [
        0.0,
        0.0,
        0.0,
        0.0,
        0.0,
        0.0,
        0.0,
        0.0,
        0.0,
        0.0,
        0.0,
        0.0,
        0.0,
        0.0,
        0.0,
        0.0,
        0.0,
        0.0,
        0.0,
        0.0,
        0.0,
        0.0,
        0.0,
        0.0,
        0.0,
        0.0,
        0.0,
        0.0
    ],
    "test_recall": [
        0.0,
        0.0,
        0.0,
        0.0,
        0.0,
        0.0,
        0.0,
        0.0,
        0.0,
        0.0,
        0.0,
        0.0,
        0.0,
        0.0,
        0.0,
        0.0,
        0.0,
        0.0,
        0.0,
        0.0,
        0.0,
        0.0,
        0.0,
        0.0,
        0.0,
        0.0,
        0.0,
        0.0
    ],
    "test_F1": [
        0.7187499403953552,
        0.7187499403953552,
        0.7187499403953552,
        0.7187499403953552,
        0.7187499403953552,
        0.7187499403953552,
        0.7187499403953552,
        0.7187499403953552,
        0.7187499403953552,
        0.7187499403953552,
        0.7187499403953552,
        0.7187499403953552,
        0.7187499403953552,
        0.7187499403953552,
        0.7187499403953552,
        0.7187499403953552,
        0.7187499403953552,
        0.7187499403953552,
        0.7187499403953552,
        0.7187499403953552,
        0.7187499403953552,
        0.7187499403953552,
        0.7187499403953552,
        0.7187499403953552,
        0.7187499403953552,
        0.7187499403953552,
        0.7187499403953552,
        0.7187499403953552
    ],
    "test_crossentropy": [
        1.7886818647384644,
        1.7887048721313477,
        1.7887463569641113,
        1.7887517213821411,
        1.7887157201766968,
        1.7886987924575806,
        1.7887300252914429,
        1.7887215614318848,
        1.788697600364685,
        1.7886992692947388,
        1.7887147665023804,
        1.7887159585952759,
        1.7887130975723267,
        1.7887274026870728,
        1.7887344360351562,
        1.7887325286865234,
        1.7886852025985718,
        1.7887192964553833,
        1.7887438535690308,
        1.7887111902236938,
        1.7887078523635864,
        1.7887083292007446,
        1.7887067794799805,
        1.7887266874313354,
        1.7887071371078491,
        1.788694977760315,
        1.7887372970581055,
        1.7887178659439087
    ],
    "test_top5_accuracy": [
        0.96875,
        0.9479166865348816,
        0.9479166865348816,
        0.96875,
        0.96875,
        0.96875,
        0.96875,
        0.96875,
        0.96875,
        0.96875,
        0.953125,
        0.96875,
        0.9479166865348816,
        0.96875,
        0.96875,
        0.953125,
        0.96875,
        0.9479166865348816
    ]
}