{
    "time_used_to_train (s)": [
        3.8385190963745117,
        3.8768932819366455,
        3.790969133377075,
        3.8717610836029053,
        3.758368968963623,
        3.8576343059539795
    ],
    "test_accuracy": [
        0.8229166865348816,
        0.8333333134651184,
        0.8541666865348816,
        0.7864583134651184,
        0.8020833134651184,
        0.828125
    ],
    "test_precision": [
        0.8453038930892944,
        0.8700565099716187,
        0.888198733329773,
        0.8222222328186035,
        0.8304093480110168,
        0.855555534362793
    ],
    "test_recall": [
        0.796875,
        0.8020833134651184,
        0.7447916865348816,
        0.7708333134651184,
        0.7395833134651184,
        0.8020833134651184
    ],
    "test_F1": [
        0.8229166269302368,
        0.8333332538604736,
        0.8541666269302368,
        0.7864582538604736,
        0.8020833134651184,
        0.8281249403953552
    ],
    "test_crossentropy": [
        0.5213884711265564,
        0.5689295530319214,
        0.5385704636573792,
        0.6028360724449158,
        0.5842993259429932,
        0.5691622495651245
    ]
}