{
    "time_used_to_train (s)": [
        2.8735058307647705,
        3.2101638317108154,
        3.1823997497558594,
        3.427743434906006,
        3.3130362033843994,
        3.2483787536621094
    ],
    "test_accuracy": [
        0.7552083134651184,
        0.7552083134651184,
        0.7604166865348816,
        0.765625,
        0.7552083134651184,
        0.765625
    ],
    "test_precision": [
        0.7857142686843872,
        0.7771739363670349,
        0.774193525314331,
        0.7880434989929199,
        0.7747252583503723,
        0.7729730010032654
    ],
    "test_recall": [
        0.7447916865348816,
        0.7447916865348816,
        0.75,
        0.7552083134651184,
        0.734375,
        0.7447916865348816
    ],
    "test_F1": [
        0.7552083134651184,
        0.7552083134651184,
        0.7604166269302368,
        0.7656249403953552,
        0.7552083134651184,
        0.7656249403953552
    ],
    "test_crossentropy": [
        0.753950297832489,
        0.7769855856895447,
        0.7754272818565369,
        0.7432330250740051,
        0.7817876935005188,
        0.7660883069038391
    ]
}