{
    "time_used_to_train (s)": [
        159.85651636123657,
        160.422869682312,
        160.58304405212402,
        160.0393364429474,
        158.14343929290771,
        157.07686853408813,
        158.43884086608887,
        156.94987893104553,
        156.991215467453,
        157.08365273475647
    ],
    "test_accuracy": [
        0.9636418223381042,
        0.9636418223381042,
        0.9637419581413269,
        0.9632411599159241,
        0.9647436141967773,
        0.9634414911270142,
        0.963942289352417,
        0.9636418223381042,
        0.9637419581413269,
        0.9649438858032227
    ],
    "test_precision": [
        0.974238395690918,
        0.9744192957878113,
        0.9742331504821777,
        0.9727606773376465,
        0.9739503264427185,
        0.9746369123458862,
        0.972851574420929,
        0.9750357866287231,
        0.9728571176528931,
        0.9734721183776855
    ],
    "test_recall": [
        0.9545272588729858,
        0.9538261294364929,
        0.9543269276618958,
        0.9550280570983887,
        0.9549278616905212,
        0.9545272588729858,
        0.9547275900840759,
        0.9545272588729858,
        0.9549278616905212,
        0.9556289911270142
    ],
    "test_F1": [
        0.9636417627334595,
        0.9636417627334595,
        0.9637418985366821,
        0.9632411003112793,
        0.9647435545921326,
        0.9634414315223694,
        0.9639422297477722,
        0.9636417627334595,
        0.9637418985366821,
        0.9649438261985779
    ],
    "test_crossentropy": [
        0.11721064150333405,
        0.11966767907142639,
        0.1180959939956665,
        0.11836130172014236,
        0.11756490916013718,
        0.12170907855033875,
        0.12112034112215042,
        0.11736275255680084,
        0.11930112540721893,
        0.11819105595350266
    ]
}