{
    "time_used_to_train (s)": [
        1320.6364464759827,
        1316.7243123054504,
        1567.7986912727356,
        1558.1710081100464,
        1556.9624667167664,
        1554.296511888504
    ],
    "test_accuracy": [
        0.9385015964508057,
        0.9362980723381042,
        0.9392027258872986,
        0.9406049847602844,
        0.9424078464508057,
        0.9413061141967773
    ],
    "test_precision": [
        0.9636228680610657,
        0.9619148969650269,
        0.9636614322662354,
        0.964810311794281,
        0.9672200679779053,
        0.9639153480529785
    ],
    "test_recall": [
        0.9100561141967773,
        0.9056490659713745,
        0.911057710647583,
        0.9144631624221802,
        0.9161658883094788,
        0.9123597741127014
    ],
    "test_F1": [
        0.9385015368461609,
        0.9362980127334595,
        0.9392026662826538,
        0.9406049251556396,
        0.9424077868461609,
        0.9413060545921326
    ],
    "test_crossentropy": [
        0.22620075941085815,
        0.22713623940944672,
        0.2192908078432083,
        0.2120257467031479,
        0.2059500813484192,
        0.21064917743206024
    ]
}