{
    "time_used_to_train (s)": [
        139.49313640594482,
        137.97383332252502,
        145.6225733757019,
        131.94250345230103,
        133.34628248214722,
        133.07893347740173
    ],
    "test_accuracy": [
        0.9721554517745972,
        0.9734575152397156,
        0.9721554517745972,
        0.9728565812110901,
        0.97265625,
        0.9710536599159241
    ],
    "test_precision": [
        0.9756293892860413,
        0.9748920202255249,
        0.9743924736976624,
        0.9740937948226929,
        0.9762479662895203,
        0.9750126004219055
    ],
    "test_recall": [
        0.9703525900840759,
        0.9722555875778198,
        0.9718549847602844,
        0.9716546535491943,
        0.9715544581413269,
        0.9692507982254028
    ],
    "test_F1": [
        0.9721553921699524,
        0.9734574556350708,
        0.9721553921699524,
        0.9728565216064453,
        0.9726561903953552,
        0.9710536003112793
    ],
    "test_crossentropy": [
        0.09224406629800797,
        0.09528154879808426,
        0.10160771757364273,
        0.09970490634441376,
        0.08949953317642212,
        0.09012563526630402
    ]
}