{
    "time_used_to_train (s)": [
        982.9338884353638,
        981.2412345409393,
        983.0952482223511,
        985.144514799118,
        985.0030448436737,
        983.654803276062
    ],
    "test_accuracy": [
        0.9441105723381042,
        0.9448117017745972,
        0.9439102411270142,
        0.9422075152397156,
        0.942307710647583,
        0.9433093070983887
    ],
    "test_top5_accuracy": [
        0.9989984035491943,
        0.9989984035491943,
        0.9985977411270142,
        0.9989984035491943,
        0.9986979365348816,
        0.9986979365348816
    ],
    "test_precision": [
        0.9685333371162415,
        0.9675255417823792,
        0.968137264251709,
        0.9681963920593262,
        0.9666275978088379,
        0.9682539701461792
    ],
    "test_recall": [
        0.9094551205635071,
        0.91015625,
        0.9099559187889099,
        0.9086538553237915,
        0.9080528616905212,
        0.9103565812110901
    ],
    "test_F1": [
        0.9441105127334595,
        0.9448116421699524,
        0.9439101815223694,
        0.9422074556350708,
        0.9423076510429382,
        0.9433092474937439
    ],
    "test_crossentropy": [
        0.22352875769138336,
        0.22314606606960297,
        0.22646018862724304,
        0.23103949427604675,
        0.23149943351745605,
        0.22644801437854767
    ]
}