{
    "time_used_to_train (s)": [
        31.774633407592773,
        21.883829355239868,
        17.879282474517822,
        16.449199676513672,
        16.28667402267456,
        16.37589144706726,
        17.293723821640015,
        16.11793851852417,
        16.17049813270569,
        17.015692949295044
    ],
    "test_accuracy": [
        0.9736578464508057,
        0.9758613705635071,
        0.9743589758872986,
        0.9766626358032227,
        0.9748597741127014,
        0.9746594429016113,
        0.973557710647583,
        0.9751602411270142,
        0.9743589758872986,
        0.9753605723381042
    ],
    "test_precision": [
        0.9773070812225342,
        0.9785541892051697,
        0.9779278635978699,
        0.9801351428031921,
        0.9787062406539917,
        0.9796887636184692,
        0.9778921604156494,
        0.9786139130592346,
        0.9783244132995605,
        0.9794292449951172
    ],
    "test_recall": [
        0.9705528616905212,
        0.9734575152397156,
        0.9718549847602844,
        0.973557710647583,
        0.9713541865348816,
        0.9710536599159241,
        0.9702523946762085,
        0.9716546535491943,
        0.9719551205635071,
        0.9728565812110901
    ],
    "test_F1": [
        0.9736577868461609,
        0.9758613109588623,
        0.9743589162826538,
        0.9766625761985779,
        0.9748597145080566,
        0.9746593832969666,
        0.9735576510429382,
        0.9751601815223694,
        0.9743589162826538,
        0.9753605127334595
    ],
    "test_crossentropy": [
        0.08300554752349854,
        0.08125939220190048,
        0.08086250722408295,
        0.07892338186502457,
        0.08074583858251572,
        0.0810742974281311,
        0.08246944844722748,
        0.08193792402744293,
        0.08198615908622742,
        0.08084670454263687
    ]
}