{
    "time_used_to_train (s)": [
        146.94284582138062,
        146.7832465171814,
        146.72886109352112,
        146.90092873573303,
        145.54170513153076,
        145.66800689697266
    ],
    "test_accuracy": [
        0.9495738744735718,
        0.9488636255264282,
        0.9446022510528564,
        0.9460227489471436,
        0.9467329382896423,
        0.9453125
    ],
    "test_precision": [
        0.9810543656349182,
        0.985111653804779,
        0.9876033067703247,
        0.9826158881187439,
        0.9867549538612366,
        0.98100745677948
    ],
    "test_recall": [
        0.8458806872367859,
        0.8458806872367859,
        0.8487215638160706,
        0.8430397510528564,
        0.8465909361839294,
        0.84375
    ],
    "test_F1": [
        0.949573814868927,
        0.9488635659217834,
        0.9446021914482117,
        0.9460226893424988,
        0.9467328786849976,
        0.9453124403953552
    ],
    "test_crossentropy": [
        0.36912181973457336,
        0.36885640025138855,
        0.37373149394989014,
        0.38224002718925476,
        0.3715897500514984,
        0.37142258882522583
    ]
}