{
    "time_used_to_train (s)": [
        144.24322319030762,
        143.3854215145111,
        146.0468978881836,
        146.16008877754211,
        145.64222598075867,
        143.92358469963074
    ],
    "test_accuracy": [
        0.953125,
        0.9573863744735718,
        0.9566761255264282,
        0.9573863744735718,
        0.9509943127632141,
        0.9552556872367859
    ],
    "test_precision": [
        0.9848121404647827,
        0.9826908111572266,
        0.9803921580314636,
        0.9834905862808228,
        0.9832802414894104,
        0.9796715974807739
    ],
    "test_recall": [
        0.875,
        0.8870738744735718,
        0.8877840638160706,
        0.8884943127632141,
        0.8771306872367859,
        0.8899147510528564
    ],
    "test_F1": [
        0.9531249403953552,
        0.957386314868927,
        0.9566760659217834,
        0.957386314868927,
        0.9509942531585693,
        0.9552556276321411
    ],
    "test_crossentropy": [
        0.3131299614906311,
        0.2765218913555145,
        0.2850041687488556,
        0.27695491909980774,
        0.3021896183490753,
        0.2798211872577667
    ]
}