{
    "time_used_to_train (s)": [
        34.96575617790222,
        32.73850679397583,
        33.353742599487305,
        32.97068166732788,
        32.855767250061035,
        33.08198356628418,
        32.9644558429718,
        32.822561502456665,
        32.899362325668335,
        33.08905816078186
    ],
    "test_accuracy": [
        0.8686079382896423,
        0.8686079382896423,
        0.8643465638160706,
        0.8721590638160706,
        0.8657670617103577,
        0.8700284361839294,
        0.8650568127632141,
        0.8693181872367859,
        0.8693181872367859,
        0.8622159361839294
    ],
    "test_precision": [
        0.9742441177368164,
        0.9785310626029968,
        0.98137366771698,
        0.9803012609481812,
        0.9804822206497192,
        0.9794988632202148,
        0.977246880531311,
        0.9780600666999817,
        0.977477490901947,
        0.9817559719085693
    ],
    "test_recall": [
        0.6178977489471436,
        0.6150568127632141,
        0.5987215638160706,
        0.6008522510528564,
        0.6065340638160706,
        0.6107954382896423,
        0.6100852489471436,
        0.6015625,
        0.6164772510528564,
        0.6115056872367859
    ],
    "test_F1": [
        0.8686078786849976,
        0.8686078786849976,
        0.8643465042114258,
        0.8721590042114258,
        0.8657670021057129,
        0.8700283765792847,
        0.8650566935539246,
        0.8693181276321411,
        0.8693181276321411,
        0.8622158765792847
    ],
    "test_crossentropy": [
        0.8017370104789734,
        0.8060333728790283,
        0.8131856918334961,
        0.8107265830039978,
        0.7970491051673889,
        0.7972530126571655,
        0.8010755181312561,
        0.806117057800293,
        0.8074890375137329,
        0.8038378357887268
    ]
}