{
    "time_used_to_train (s)": [
        32.750128507614136,
        35.59729075431824,
        34.95216608047485,
        32.90912747383118,
        32.483426570892334,
        32.982030630111694,
        37.51745104789734,
        33.374155044555664
    ],
    "test_accuracy": [
        0.9019886255264282,
        0.90625,
        0.9119318127632141,
        0.9048295617103577,
        0.9026988744735718,
        0.9034090638160706,
        0.9005681872367859,
        0.90625
    ],
    "test_precision": [
        0.9748837351799011,
        0.9765258431434631,
        0.9776119589805603,
        0.9776536226272583,
        0.9740259647369385,
        0.9804651141166687,
        0.9785247445106506,
        0.9759926199913025
    ],
    "test_recall": [
        0.7443181872367859,
        0.7386363744735718,
        0.7443181872367859,
        0.7457386255264282,
        0.7457386255264282,
        0.7485795617103577,
        0.7443181872367859,
        0.7507102489471436
    ],
    "test_F1": [
        0.9019885659217834,
        0.9062499403953552,
        0.9119317531585693,
        0.9048295021057129,
        0.902698814868927,
        0.9034090042114258,
        0.9005681276321411,
        0.9062499403953552
    ],
    "test_crossentropy": [
        0.5518600344657898,
        0.5484794974327087,
        0.544245719909668,
        0.5535674691200256,
        0.5512909293174744,
        0.5444528460502625,
        0.5469827651977539,
        0.5333253741264343
    ]
}