{
    "time_used_to_train (s)": [
        9.286182641983032,
        9.632957935333252,
        10.181894063949585,
        9.838189125061035,
        10.161937475204468,
        10.108996868133545
    ],
    "test_accuracy": [
        0.9886363744735718,
        0.9865056872367859,
        0.9865056872367859,
        0.9865056872367859,
        0.9879261255264282,
        0.9886363744735718
    ],
    "test_precision": [
        0.991391658782959,
        0.9899713397026062,
        0.9906743168830872,
        0.9913978576660156,
        0.9900000095367432,
        0.9906943440437317
    ],
    "test_recall": [
        0.9815340638160706,
        0.9815340638160706,
        0.9808238744735718,
        0.9822443127632141,
        0.984375,
        0.9829545617103577
    ],
    "test_F1": [
        0.988636314868927,
        0.9865056276321411,
        0.9865056276321411,
        0.9865056276321411,
        0.9879260659217834,
        0.988636314868927
    ],
    "test_crossentropy": [
        0.05990317836403847,
        0.0624043308198452,
        0.05751938000321388,
        0.06908679753541946,
        0.061461444944143295,
        0.06336065381765366
    ]
}