{
    "time_used_to_train (s)": [
        181.18241715431213,
        181.57704710960388,
        181.31398367881775,
        181.13451194763184,
        182.22925972938538,
        180.82366132736206
    ],
    "test_accuracy": [
        0.057528410106897354,
        0.057528410106897354,
        0.057528410106897354,
        0.06747159361839294,
        0.057528410106897354,
        0.061789773404598236
    ],
    "test_precision": [
        0.0,
        0.0,
        0.0,
        0.0,
        0.0,
        0.0
    ],
    "test_recall": [
        0.0,
        0.0,
        0.0,
        0.0,
        0.0,
        0.0
    ],
    "test_F1": [
        0.057528361678123474,
        0.057528361678123474,
        0.057528361678123474,
        0.06747154146432877,
        0.057528361678123474,
        0.061789724975824356
    ],
    "test_crossentropy": [
        4.150724411010742,
        4.150893688201904,
        4.150794506072998,
        4.1507978439331055,
        4.1508378982543945,
        4.1430559158325195
    ]
}