{
    "time_used_to_train (s)": [
        232.5766625404358,
        231.66580891609192,
        233.92208003997803,
        232.17999029159546,
        236.8887448310852,
        234.86133575439453
    ],
    "test_accuracy": [
        0.9318181872367859,
        0.9282670617103577,
        0.9254261255264282,
        0.9268465638160706,
        0.9261363744735718,
        0.9282670617103577
    ],
    "test_precision": [
        0.9897435903549194,
        0.9888507723808289,
        0.98884117603302,
        0.9871244430541992,
        0.9897435903549194,
        0.9906303286552429
    ],
    "test_recall": [
        0.8224431872367859,
        0.8188920617103577,
        0.8181818127632141,
        0.8167613744735718,
        0.8224431872367859,
        0.8259943127632141
    ],
    "test_F1": [
        0.9318181276321411,
        0.9282670021057129,
        0.9254261255264282,
        0.9268465042114258,
        0.926136314868927,
        0.9282670021057129
    ],
    "test_crossentropy": [
        0.4402122497558594,
        0.4314284026622772,
        0.44087696075439453,
        0.4406387507915497,
        0.4301261007785797,
        0.43653908371925354
    ]
}