{
    "time_used_to_train (s)": [
        232.81366324424744,
        235.9301314353943,
        232.38833022117615,
        232.05519843101501
    ],
    "test_accuracy": [
        0.9588068127632141,
        0.9609375,
        0.9644886255264282,
        0.9602272510528564
    ],
    "test_precision": [
        0.9862595200538635,
        0.9863013625144958,
        0.9870918989181519,
        0.987072229385376
    ],
    "test_recall": [
        0.9176136255264282,
        0.9204545617103577,
        0.9232954382896423,
        0.921875
    ],
    "test_F1": [
        0.9588067531585693,
        0.9609374403953552,
        0.9644885659217834,
        0.9602271914482117
    ],
    "test_crossentropy": [
        0.21399594843387604,
        0.21271444857120514,
        0.20464657247066498,
        0.2075788527727127
    ]
}