{
    "time_used_to_train (s)": [
        1320.6364464759827,
        1316.7243123054504
    ],
    "test_accuracy": [
        0.9385015964508057,
        0.9362980723381042
    ],
    "test_precision": [
        0.9636228680610657,
        0.9619148969650269
    ],
    "test_recall": [
        0.9100561141967773,
        0.9056490659713745
    ],
    "test_F1": [
        0.9385015368461609,
        0.9362980127334595
    ],
    "test_crossentropy": [
        0.22620075941085815,
        0.22713623940944672
    ]
}