{
    "time_used_to_train (s)": [
        1918.7616081237793,
        1916.9055507183075,
        1960.7476267814636,
        1918.7193186283112
    ],
    "test_accuracy": [
        0.11348157376050949,
        0.11348157376050949,
        0.11348157376050949,
        0.11348157376050949
    ],
    "test_precision": [
        0.0,
        0.0,
        0.0,
        0.0
    ],
    "test_recall": [
        0.0,
        0.0,
        0.0,
        0.0
    ],
    "test_F1": [
        0.11348152160644531,
        0.11348152160644531,
        0.11348152160644531,
        0.11348152160644531
    ],
    "test_crossentropy": [
        2.3018476963043213,
        2.301851749420166,
        2.3018171787261963,
        2.3018417358398438
    ]
}