{
    "time_used_to_train (s)": [
        994.1286814212799,
        994.2108156681061,
        993.6393430233002,
        993.9459052085876,
        996.3598253726959,
        999.5613231658936
    ],
    "test_accuracy": [
        0.11348157376050949,
        0.11348157376050949,
        0.11348157376050949,
        0.11348157376050949,
        0.11348157376050949,
        0.11348157376050949
    ],
    "test_precision": [
        0.0,
        0.0,
        0.0,
        0.0,
        0.0,
        0.0
    ],
    "test_recall": [
        0.0,
        0.0,
        0.0,
        0.0,
        0.0,
        0.0
    ],
    "test_F1": [
        0.11348152160644531,
        0.11348152160644531,
        0.11348152160644531,
        0.11348152160644531,
        0.11348152160644531,
        0.11348152160644531
    ],
    "test_crossentropy": [
        2.301825523376465,
        2.30182147026062,
        2.3018393516540527,
        2.3018219470977783,
        2.3018391132354736,
        2.301854372024536
    ]
}