{
    "time_used_to_train (s)": [
        1561.4162003993988,
        1552.0963916778564,
        1556.6920816898346,
        1552.0806629657745,
        1551.0437197685242,
        1549.8617279529572,
        1547.6275293827057,
        1549.5141460895538,
        1549.8880310058594,
        1555.4473161697388
    ],
    "test_accuracy": [
        0.9645432829856873,
        0.9646434187889099,
        0.9623397588729858,
        0.9630408883094788,
        0.9635416865348816,
        0.9624398946762085,
        0.96484375,
        0.9633413553237915,
        0.9633413553237915,
        0.9644430875778198
    ],
    "test_precision": [
        0.9721289873123169,
        0.9725330471992493,
        0.9720522165298462,
        0.9723835587501526,
        0.9715943932533264,
        0.9712684750556946,
        0.9730694890022278,
        0.97101891040802,
        0.9724032878875732,
        0.9731243252754211
    ],
    "test_recall": [
        0.9572315812110901,
        0.9575320482254028,
        0.9545272588729858,
        0.9557291865348816,
        0.9558293223381042,
        0.9548277258872986,
        0.9554286599159241,
        0.9564303159713745,
        0.9564303159713745,
        0.9574319124221802
    ],
    "test_F1": [
        0.9645432233810425,
        0.9646433591842651,
        0.9623396992683411,
        0.963040828704834,
        0.9635416269302368,
        0.9624398350715637,
        0.9648436903953552,
        0.9633412957191467,
        0.9633412957191467,
        0.964443027973175
    ],
    "test_crossentropy": [
        0.11436082422733307,
        0.11944650113582611,
        0.11717017740011215,
        0.11538040637969971,
        0.11451488733291626,
        0.11832616478204727,
        0.1162450835108757,
        0.1150757372379303,
        0.11572597175836563,
        0.11299049109220505
    ]
}