{
    "time_used_to_train (s)": [
        457.1007332801819
    ],
    "test_accuracy": [
        0.4756999909877777
    ],
    "test_top5_accuracy": [
        0.9133999943733215
    ],
    "test_precision": [
        0.7011114358901978
    ],
    "test_recall": [
        0.23340000212192535
    ],
    "test_F1": [
        0.47569993138313293
    ],
    "test_crossentropy": [
        1.4831868410110474
    ]
}