{
    "time_used_to_train (s)": [
        2006.5579335689545
    ],
    "test_accuracy": [
        0.4471000134944916
    ],
    "test_top5_accuracy": [
        0.8960999846458435
    ],
    "test_precision": [
        0.6742897033691406
    ],
    "test_recall": [
        0.19460000097751617
    ],
    "test_F1": [
        0.4470999538898468
    ],
    "test_crossentropy": [
        1.5771605968475342
    ]
}