{
    "train accuracy": [
        0.31360000371932983,
        0.36477500200271606,
        0.3820500075817108,
        0.397599995136261,
        0.4027250111103058,
        0.41315001249313354,
        0.41554999351501465,
        0.420074999332428,
        0.4277249872684479,
        0.4293999969959259,
        0.4375999867916107,
        0.4411500096321106,
        0.4423750042915344,
        0.4456999897956848,
        0.44772499799728394,
        0.4496999979019165,
        0.45887500047683716,
        0.45877501368522644,
        0.45977500081062317,
        0.46252501010894775,
        0.460750013589859,
        0.4641000032424927,
        0.46947500109672546,
        0.4690999984741211,
        0.47189998626708984,
        0.47087499499320984,
        0.47725000977516174,
        0.4799000024795532,
        0.4779750108718872,
        0.4799000024795532
    ],
    "val_accuracy": [
        0.35429999232292175,
        0.3723999857902527,
        0.3928000032901764,
        0.39890000224113464,
        0.3919999897480011,
        0.40529999136924744,
        0.41749998927116394,
        0.4205999970436096,
        0.41999998688697815,
        0.4203000068664551,
        0.4246000051498413,
        0.43160000443458557,
        0.44200000166893005,
        0.44200000166893005,
        0.445499986410141,
        0.44769999384880066,
        0.4487000107765198,
        0.43939998745918274,
        0.4537000060081482,
        0.4496000111103058,
        0.4528000056743622,
        0.44839999079704285,
        0.46399998664855957,
        0.461899995803833,
        0.4440999925136566,
        0.4564000070095062,
        0.46959999203681946,
        0.46779999136924744,
        0.46560001373291016,
        0.4683000147342682
    ],
    "train_loss": [
        1.9277677536010742,
        1.794218897819519,
        1.742687702178955,
        1.7059412002563477,
        1.6828372478485107,
        1.6590114831924438,
        1.641802191734314,
        1.6330000162124634,
        1.6141425371170044,
        1.5983965396881104,
        1.5879740715026855,
        1.5756847858428955,
        1.5697736740112305,
        1.560530424118042,
        1.552642583847046,
        1.5414628982543945,
        1.5307549238204956,
        1.5266292095184326,
        1.5217689275741577,
        1.5165454149246216,
        1.5071040391921997,
        1.5031648874282837,
        1.4985709190368652,
        1.4916093349456787,
        1.4894940853118896,
        1.486368179321289,
        1.4733775854110718,
        1.473447561264038,
        1.475343108177185,
        1.4677232503890991
    ],
    "val_loss": [
        1.8116103410720825,
        1.7696034908294678,
        1.725912094116211,
        1.6911954879760742,
        1.6995474100112915,
        1.6636302471160889,
        1.6522091627120972,
        1.6263073682785034,
        1.6240954399108887,
        1.616714596748352,
        1.598024845123291,
        1.5895602703094482,
        1.5724979639053345,
        1.5687835216522217,
        1.5598859786987305,
        1.5506535768508911,
        1.5509532690048218,
        1.5595510005950928,
        1.5341572761535645,
        1.5402144193649292,
        1.5215908288955688,
        1.541351556777954,
        1.5050991773605347,
        1.5083110332489014,
        1.5440481901168823,
        1.52338707447052,
        1.489963173866272,
        1.4845643043518066,
        1.4796216487884521,
        1.476723551750183
    ]
}